group,arm,replicates,arm.policy.hard_cap,arm.behavior.p_hard,arm.population.M,seed,seed_sd,weeks,weeks_sd,entries,entries_sd,placed_share,placed_share_sd,placed_share_peak,placed_share_peak_sd,wait_median_peak,wait_median_peak_sd,wait_p90_peak,wait_p90_peak_sd,wait_median_peak_placed,wait_median_peak_placed_sd,peak_online_median,peak_online_median_sd,peak_waiting_median,peak_waiting_median_sd,sessions_per_week,sessions_per_week_sd,pref_size_share,pref_size_share_sd,mean_lobby_size,mean_lobby_size_sd,lockout_samples,lockout_samples_sd,lockout_tick_share,lockout_tick_share_sd,lockout_tick_share_incl_target,lockout_tick_share_incl_target_sd,avoid_held_tick_share,avoid_held_tick_share_sd,lockout_unknown,lockout_unknown_sd,window_lost_to_hard_blocks_share,window_lost_to_hard_blocks_share_sd,locked_signup_share,locked_signup_share_sd,target_entries,target_entries_sd,target_placed_share,target_placed_share_sd,target_locked_windows,target_locked_windows_sd,mutual_pairs,mutual_pairs_sd,mutual_pairs_per_100_players,mutual_pairs_per_100_players_sd,reunion_14d_share,reunion_14d_share_sd,reunion_median_days,reunion_median_days_sd,reunion_opportunities,reunion_opportunities_sd,reunion_opportunity_hit_share,reunion_opportunity_hit_share_sd,cosignup_reunion_share,cosignup_reunion_share_sd,cosignup_reunion_share_any,cosignup_reunion_share_any_sd,stable_clusters,stable_clusters_sd,stable_clusters_per_100_players,stable_clusters_per_100_players_sd,players_in_stable_cluster_share,players_in_stable_cluster_share_sd,mutual_pair_hours_per_week_median,mutual_pair_hours_per_week_median_sd,weeks_to_hall_50h_median,weeks_to_hall_50h_median_sd,mutual_pair_hours_per_week_p90,mutual_pair_hours_per_week_p90_sd,weeks_to_hall_50h_p90,weeks_to_hall_50h_p90_sd,pair_hours_max,pair_hours_max_sd,match_rate_p10,match_rate_p10_sd,match_rate_median,match_rate_median_sd,match_rate_p10_over_median,match_rate_p10_over_median_sd,affinity_p10,affinity_p10_sd,affinity_median,affinity_median_sd,high_avoid_players,high_avoid_players_sd,high_avoid_only_share,high_avoid_only_share_sd,high_avoid_only_null,high_avoid_only_null_sd,avoid_assortativity,avoid_assortativity_sd,newcomer_early_sessions_with_anchor,newcomer_early_sessions_with_anchor_sd,newcomers,newcomers_sd,newcomers_eligible,newcomers_eligible_sd,newcomer_within_horizon_share,newcomer_within_horizon_share_sd,newcomer_sessions_to_mutual_median,newcomer_sessions_to_mutual_median_sd,all_within_horizon_share,all_within_horizon_share_sd,detect_auc,detect_auc_sd,detect_auc_more,detect_auc_more_sd,detect_pos,detect_pos_sd,detect_neg,detect_neg_sd,detect_pos_more,detect_pos_more_sd,avoided_pair_rematch_share,avoided_pair_rematch_share_sd,soft_broken_per_100_sessions,soft_broken_per_100_sessions_sd,active_avoids_per_player,active_avoids_per_player_sd,hard_blocks_per_player,hard_blocks_per_player_sd,matcher_ms_per_run,matcher_ms_per_run_sd,wall_seconds,wall_seconds_sd,A1,A2,A3,A4,A5,A6,A7,A8,arm.shape.cadence_hours,arm.shape.ladder_minutes,arm.policy.honor_avoids,arm.policy.soft_half_life_days,arm.policy.matcher,arm.weights.more,arm.policy.newcomer_decay_sessions,arm.policy.anchors_enabled,arm.weights.noise,target_locked_hours_per_week,target_locked_hours_per_week_sd,target_waiting_hours_per_week,target_waiting_hours_per_week_sd,C1,C2,C3,C4,C5,arm.shape.habit,arm.population.lobby_size,arm.population.flex_share,arm.shape.tick_seconds,arm.population.n_games
async-cap,0,5,1,0.08,50,3,1.58114,26,0,534,55.5653,0.919602,0.0259074,0.919602,0.0259074,34.1975,6.29734,113.738,,27.8966,5.62855,25.3,2.33452,7.4,2.38223,5.50909,0.681363,0.820189,0.0272013,4.14687,0.185905,20,2.34521,0.0366133,0.0571854,0.0366133,0.0571854,0,0,0,0,0.00577424,0.0100508,0.00577424,0.0100508,16.6,2.19089,0.63639,0.136454,0.2,0.447214,65,16.5529,73.4031,19.6636,0.183815,0.0742117,inf,,103.2,45.9587,0.613671,0.0426033,0.358095,0.0647968,0.332835,0.0637008,73,16.2327,92.2658,19.0755,0.644092,0.0807579,0.182803,0.252556,inf,,1.8615,0.0731644,26.8928,1.0393,83.2,18.4174,0.754972,0.0840328,0.989356,0.0238013,0.762842,0.0793072,0,0,0.146349,0.0387089,14,3.74166,0.0515092,0.0547972,0.055585,0.0383069,0.0223621,0.0637632,0.311122,0.146922,35.6,4.61519,97,4.44972,0.515464,,inf,,0.467629,0.0437216,0.686676,0.0200596,0.731396,0.0292391,95.8,19.0316,462.8,79.3423,14.2,1.48324,0.0946653,0.0277931,9.46471,2.64598,2.24457,0.253501,0.250378,0.0188831,0.389921,0.0309871,0.559614,0.0939538,pass,pass,pass,pass,pass,pass,FAIL,FAIL,,,,,,,,,,,,,,,,,,,,,,,
async-cap,1,5,1,0.08,100,3,1.58114,26,0,1068,83.1475,0.954772,0.00617782,0.954772,0.00617782,12.7621,1.85786,78.1272,4.33633,11.607,1.34383,49.3,3.81772,13.8,5.10637,10.7,0.884672,0.911684,0.0172432,4.39713,0.095646,20.6,1.51658,0.0105263,0.0235376,0.0105263,0.0235376,0,0,0,0,0.000728597,0.00162919,0.000728597,0.00162919,15.6,1.67332,0.907143,0.0732469,0,0,129.4,25.6476,75.3351,13.5893,0.18979,0.0210006,inf,,157.8,46.8956,0.658687,0.0455315,0.252115,0.0338576,0.238982,0.0244179,181.8,43.4016,117.056,25.8778,0.595222,0.0410668,0.070928,0.1586,inf,,1.67981,0.340054,30.8264,6.59054,91.2,13.3866,0.850632,0.0362471,1,0,0.850632,0.0362471,0,0,0.117267,0.0238095,17.2,2.38747,0.00804621,0.0119659,0.0144002,0.00445826,-0.00484529,0.0334857,0.265768,0.115747,62.4,4.3359,170,6.08276,0.535294,,inf,,0.48602,0.0324236,0.670481,0.0169365,0.720486,0.0357298,258.4,21.2908,1200.8,124.359,40.8,5.76194,0.0405069,0.00951048,2.49811,1.06074,2.62749,0.198111,0.266769,0.0252505,0.512562,0.0393711,0.936577,0.0437432,pass,pass,pass,pass,pass,pass,FAIL,FAIL,,,,,,,,,,,,,,,,,,,,,,,
async-cap,2,5,1,0.4,50,3,1.58114,26,0,534,55.5653,0.914155,0.0251969,0.914155,0.0251969,33.0012,8.41073,126.777,,27.3396,7.5295,25.3,2.33452,7.4,2.38223,5.42727,0.58793,0.822004,0.0368436,4.16985,0.177694,20.8,2.04939,0.0858352,0.0732248,0.0858352,0.0732248,0,0,0,0,0.0127681,0.0128988,0.0127681,0.0128988,16.6,2.19089,0.552894,0.18818,1.2,0.83666,60.2,6.97854,67.8828,8.49474,0.223271,0.0668238,106,,87,26.4575,0.65068,0.0778951,0.364119,0.076732,0.34479,0.0802912,80.4,13.5204,102.125,17.3016,0.658918,0.0953312,0.28162,0.26237,128.125,,2.02056,0.6106,26.7573,8.76691,81.6,27.9428,0.738021,0.07586,1,0,0.738021,0.07586,0.00214286,0.00479157,0.147836,0.0192286,12.4,3.36155,0.0230526,0.0240157,0.0388579,0.0246843,-0.0143507,0.0442332,0.283879,0.143141,35.6,4.61519,98,2.96648,0.561224,,10,,0.479475,0.0683405,0.692267,0.0185472,0.753825,0.0308434,98.6,16.8315,476.8,80.0075,12.6,1.14018,0.0750571,0.034486,8.39265,2.75861,2.45263,0.305079,0.606827,0.0328417,0.384149,0.0319078,0.548331,0.100365,pass,pass,pass,FAIL,pass,pass,FAIL,FAIL,,,,,,,,,,,,,,,,,,,,,,,
async-cap,3,5,1,0.4,100,3,1.58114,26,0,1068,83.1475,0.956815,0.00510258,0.956815,0.00510258,12.6963,1.95673,77.7155,3.06576,11.5967,1.38433,49.3,3.81772,13.8,5.10637,10.7636,0.784272,0.904035,0.0190791,4.37938,0.0932425,20.4,1.34164,0.00952381,0.0212959,0.00952381,0.0212959,0,0,0,0,0.000797607,0.0017835,0.000797607,0.0017835,15.6,1.67332,0.935714,0.0766506,0,0,127.6,20.7557,74.3216,10.8636,0.182577,0.0315192,inf,,150.2,39.6447,0.663434,0.0385006,0.252189,0.0279811,0.242857,0.0278761,178.8,33.003,114.771,19.5714,0.591849,0.0332955,0.0735632,0.164492,inf,,1.5064,0.254223,33.8994,5.27403,91.2,12.1326,0.853315,0.0419156,1,0,0.853315,0.0419156,0,0,0.122713,0.0256651,17.4,2.07364,0.0122525,0.00730828,0.0164195,0.00905587,-0.016038,0.0287091,0.265955,0.115936,62.4,4.3359,170,5.43139,0.5,,12,,0.477753,0.0261419,0.668929,0.0207797,0.719805,0.0236614,262.6,19.4371,1208.4,124.773,37.8,7.85493,0.0366098,0.00963391,2.88795,1.55483,2.76613,0.2136,0.600718,0.0595634,0.508309,0.0402603,0.92209,0.0554459,pass,pass,pass,pass,pass,FAIL,FAIL,FAIL,,,,,,,,,,,,,,,,,,,,,,,
async-cap,4,5,3,0.08,50,3,1.58114,26,0,534,55.5653,0.917939,0.0243981,0.917939,0.0243981,33.9745,5.80402,117.181,,27.8325,5.38785,25.3,2.33452,7.4,2.38223,5.5,0.661828,0.820213,0.0275944,4.14703,0.185872,20.2,2.16795,0.0471396,0.0534853,0.0471396,0.0534853,0,0,0,0,0.00704813,0.00952591,0.00704813,0.00952591,16.6,2.19089,0.648154,0.146136,0.2,0.447214,64,16.2173,72.229,19.1076,0.182425,0.0741349,inf,,102.8,46.4026,0.611908,0.0413052,0.356174,0.063097,0.330064,0.062157,73.6,15.1427,93.1352,18.3901,0.646627,0.0855618,0.165283,0.227314,inf,,1.81001,0.0676316,27.655,1.03468,83.2,18.4174,0.74497,0.0721889,0.989356,0.0238013,0.75284,0.0680892,0,0,0.148443,0.0424402,13.4,4.27785,0.0456467,0.0500143,0.0520723,0.0397467,0.0191973,0.0651684,0.312065,0.149824,35.6,4.61519,98,4.77493,0.510204,,6,,0.46538,0.0513371,0.689386,0.0202344,0.736733,0.0258888,95.6,18.7297,462,78.7401,14.2,1.48324,0.0894749,0.0227469,9.78622,2.90849,2.25878,0.255613,0.316204,0.05613,0.411062,0.0476003,0.573924,0.100886,pass,pass,pass,pass,pass,pass,FAIL,FAIL,,,,,,,,,,,,,,,,,,,,,,,
async-cap,5,5,3,0.08,100,3,1.58114,26,0,1068,83.1475,0.953271,0.00835455,0.953271,0.00835455,12.7784,1.83684,78.1824,4.32483,11.6012,1.35125,49.3,3.81772,13.8,5.10637,10.6818,0.890724,0.911777,0.0173333,4.39877,0.0965695,20.8,1.78885,0.019222,0.026519,0.019222,0.026519,0,0,0,0,0.00147907,0.00202566,0.00147907,0.00202566,15.6,1.67332,0.919643,0.0564692,0,0,129.4,25.6476,75.3351,13.5893,0.19229,0.0214,inf,,157.4,47.6529,0.655035,0.0392727,0.251108,0.0346081,0.237281,0.0255488,180.6,44.0602,116.301,26.4116,0.592706,0.0403087,0.070928,0.1586,inf,,1.68005,0.339688,30.8189,6.5783,89.6,15.3883,0.844462,0.0486446,1,0,0.844462,0.0486446,0,0,0.117267,0.0238095,16.4,1.14018,0.00729927,0.0163217,0.0129822,0.00237551,0.00125052,0.0329182,0.267371,0.114135,62.4,4.3359,169,5.76194,0.538462,,inf,,0.485268,0.0320599,0.671219,0.01649,0.720841,0.0356433,258.8,22.0839,1201.2,124.367,41,6.20484,0.0384242,0.0127502,2.41305,1.19014,2.62384,0.184841,0.350601,0.0605703,0.502946,0.0433159,0.914745,0.0535857,pass,pass,pass,pass,pass,pass,FAIL,FAIL,,,,,,,,,,,,,,,,,,,,,,,
async-cap,6,5,3,0.4,50,3,1.58114,26,0,534,55.5653,0.91389,0.0314524,0.91389,0.0314524,34.4791,7.4565,141.035,,27.8284,7.34414,25.3,2.33452,7.4,2.38223,5.46364,0.694875,0.822324,0.0280605,4.15149,0.157593,21,1.58114,0.0683254,0.0639015,0.0683254,0.0639015,0,0,0,0,0.0086709,0.00812154,0.0086709,0.00812154,16.6,2.19089,0.583329,0.181657,0.6,0.547723,60.6,8.11172,68.1752,8.38226,0.217761,0.0719343,inf,,87.4,33.5753,0.556267,0.0566522,0.315647,0.0590723,0.301328,0.0615232,77,15.5724,97.0323,19.6684,0.66095,0.0560282,0.142354,0.235627,inf,,1.66867,0.56443,34.3151,16.593,80,23.3238,0.758893,0.0751043,0.983974,0.0358344,0.771496,0.0729093,0,0,0.144563,0.021899,10.2,1.48324,0.0124294,0.0277929,0.0254792,0.0148005,-0.0141608,0.0206152,0.253175,0.110424,35.6,4.61519,97,3.78153,0.546392,,4,,0.48788,0.0690438,0.692556,0.0193409,0.755886,0.0268237,100.8,14.025,473.2,86.158,16,3.937,0.069933,0.0386549,8.4765,5.3706,2.59183,0.301484,1.17821,0.128773,0.41079,0.0332206,0.607759,0.114481,pass,pass,pass,pass,pass,pass,FAIL,FAIL,,,,,,,,,,,,,,,,,,,,,,,
async-cap,7,5,3,0.4,100,3,1.58114,26,0,1068,83.1475,0.95023,0.00971567,0.95023,0.00971567,12.6107,2.13173,78.5948,3.48648,11.3895,1.30547,49.3,3.81772,13.8,5.10637,10.6455,0.806994,0.909818,0.0162776,4.39596,0.0904543,21.4,1.51658,0.0537549,0.0586827,0.0537549,0.0586827,0,0,0,0,0.00450791,0.00461793,0.00450791,0.00461793,15.6,1.67332,0.891071,0.0814411,0,0,125.2,21.0048,72.9179,10.9925,0.190144,0.0425614,inf,,147.6,38.7079,0.679266,0.0532536,0.260067,0.0222614,0.245474,0.0133429,177.4,30.0217,113.894,16.6835,0.583673,0.033323,0.161863,0.222108,inf,,1.85177,0.450121,28.4208,7.3383,88,14.9666,0.839606,0.0587734,1,0,0.839606,0.0587734,0,0,0.116472,0.0247824,20.2,3.96232,0.021573,0.02144,0.025626,0.0138717,-0.0052778,0.0246302,0.284624,0.122677,62.4,4.3359,168,4.5607,0.488095,,12,,0.469671,0.0353627,0.675603,0.0172306,0.714629,0.0223146,257,24.7588,1213,122.188,40.8,11.5195,0.0223413,0.00984524,2.07909,1.20445,2.93312,0.188591,1.14972,0.0727338,0.518341,0.0436912,0.951748,0.0388704,pass,pass,pass,pass,pass,FAIL,FAIL,FAIL,,,,,,,,,,,,,,,,,,,,,,,
async-cap,8,5,5,0.08,50,3,1.58114,26,0,534,55.5653,0.916807,0.0231293,0.916807,0.0231293,33.3847,6.73057,117.181,,27.6377,5.60702,25.3,2.33452,7.4,2.38223,5.5,0.661828,0.819553,0.0262548,4.13841,0.170795,20.2,2.16795,0.0576659,0.0596592,0.0576659,0.0596592,0,0,0,0,0.00855756,0.00984368,0.00855756,0.00984368,16.6,2.19089,0.627102,0.147221,0.4,0.894427,65.4,16.8315,73.7846,19.6421,0.180006,0.0766328,inf,,103.2,46.1758,0.620922,0.0501169,0.360209,0.0561092,0.33173,0.0593627,74.2,15.9906,93.8759,19.3449,0.646627,0.0855618,0.165283,0.227314,inf,,1.91098,0.242127,26.4645,2.96649,84.8,18.4174,0.74497,0.0721889,0.989356,0.0238013,0.75284,0.0680892,0,0,0.149369,0.0418472,13,4.52769,0.0469951,0.0499637,0.0499778,0.040942,0.010797,0.0614999,0.309902,0.151909,35.6,4.61519,98,4.77493,0.5,,6,,0.467136,0.0487546,0.689939,0.0205387,0.735133,0.0275806,96,18.8149,461.4,77.6968,14.4,1.14018,0.0872708,0.0274519,9.61381,3.19766,2.23656,0.255023,0.323612,0.061173,0.399011,0.0404234,0.561818,0.110398,pass,pass,pass,pass,pass,FAIL,FAIL,FAIL,,,,,,,,,,,,,,,,,,,,,,,
async-cap,9,5,5,0.08,100,3,1.58114,26,0,1068,83.1475,0.953271,0.00835455,0.953271,0.00835455,12.7784,1.83684,78.1824,4.32483,11.6012,1.35125,49.3,3.81772,13.8,5.10637,10.6818,0.890724,0.911777,0.0173333,4.39877,0.0965695,20.8,1.78885,0.019222,0.026519,0.019222,0.026519,0,0,0,0,0.00147907,0.00202566,0.00147907,0.00202566,15.6,1.67332,0.919643,0.0564692,0,0,129.4,25.6476,75.3351,13.5893,0.19229,0.0214,inf,,157.4,47.6529,0.655035,0.0392727,0.251108,0.0346081,0.237281,0.0255488,180.6,44.0602,116.301,26.4116,0.592706,0.0403087,0.070928,0.1586,inf,,1.68005,0.339688,30.8189,6.5783,89.6,15.3883,0.844462,0.0486446,1,0,0.844462,0.0486446,0,0,0.117267,0.0238095,16.4,1.14018,0.00729927,0.0163217,0.0129822,0.00237551,0.00125052,0.0329182,0.267371,0.114135,62.4,4.3359,169,5.76194,0.538462,,inf,,0.485268,0.0320599,0.671219,0.01649,0.720841,0.0356433,258.8,22.0839,1201.2,124.367,41,6.20484,0.0384242,0.0127502,2.41305,1.19014,2.62384,0.184841,0.358497,0.058831,0.511085,0.0304548,0.923345,0.0531547,pass,pass,pass,pass,pass,pass,FAIL,FAIL,,,,,,,,,,,,,,,,,,,,,,,
async-cap,10,5,5,0.4,50,3,1.58114,26,0,534,55.5653,0.906453,0.0250275,0.906453,0.0250275,34,8.06359,141.035,,27.317,7.71249,25.3,2.33452,7.4,2.38223,5.46364,0.717549,0.817385,0.0332116,4.13008,0.175566,21.4,1.51658,0.0665072,0.0628964,0.0665072,0.0628964,0,0,0,0,0.00898938,0.00834897,0.00898938,0.00834897,16.6,2.19089,0.656299,0.108799,0.6,0.894427,60.2,7.49667,67.7,7.29052,0.20708,0.021994,inf,,88,31.1448,0.589783,0.0541193,0.332751,0.0505734,0.315991,0.053267,75.6,16.288,95.2027,20.0587,0.640981,0.0657128,0.14933,0.250505,inf,,1.77166,0.343698,29.1331,5.89094,81.6,22.9085,0.739451,0.0310894,0.973448,0.037635,0.759843,0.0237763,0,0,0.14388,0.0260551,9.8,1.92354,0.0178771,0.0399744,0.0263705,0.0138984,-0.0186689,0.0184283,0.27012,0.132813,35.6,4.61519,95,3.53553,0.536842,,4,,0.490535,0.0924713,0.693783,0.02087,0.739695,0.0273733,98.6,14.188,469.6,80.2764,15.8,4.81664,0.0619307,0.0338662,7.10295,3.94566,2.57173,0.281963,1.30929,0.124241,0.401124,0.0339371,0.569454,0.103933,pass,pass,pass,pass,pass,pass,FAIL,FAIL,,,,,,,,,,,,,,,,,,,,,,,
async-cap,11,5,5,0.4,100,3,1.58114,26,0,1068,83.1475,0.949649,0.0101908,0.949649,0.0101908,12.4206,1.76,78.8345,4.21459,11.286,1.18312,49.3,3.81772,13.8,5.10637,10.6455,0.806994,0.909591,0.0160656,4.39325,0.0883692,21.6,1.67332,0.0624506,0.075844,0.0624506,0.075844,0,0,0,0,0.0052365,0.0059729,0.0052365,0.0059729,15.6,1.67332,0.891071,0.0814411,0,0,124.8,21.9591,72.6798,11.586,0.184375,0.0338704,inf,,147.4,38.8947,0.673662,0.058142,0.257573,0.0188655,0.243325,0.0107272,176,30.8626,112.862,17.3891,0.58298,0.033802,0.156996,0.215055,inf,,1.73459,0.350971,29.8244,6.19931,88,14.9666,0.839779,0.0587669,1,0,0.839779,0.0587669,0,0,0.116313,0.0253052,18.4,1.94936,0.0142033,0.00555559,0.0210124,0.00781458,-0.00101229,0.0226657,0.285561,0.123837,62.4,4.3359,167,4.72229,0.491018,,inf,,0.470411,0.032881,0.674212,0.0175555,0.713401,0.0229645,257.2,24.8032,1212.4,123.015,40.8,11.5195,0.0237518,0.0116937,2.00769,1.22769,2.9464,0.198502,1.32987,0.0944024,0.499741,0.0295097,0.929695,0.0387933,pass,pass,pass,pass,pass,FAIL,FAIL,FAIL,,,,,,,,,,,,,,,,,,,,,,,
async-cap,12,5,10,0.08,50,3,1.58114,26,0,534,55.5653,0.916807,0.0231293,0.916807,0.0231293,33.3847,6.73057,117.181,,27.6377,5.60702,25.3,2.33452,7.4,2.38223,5.5,0.661828,0.819553,0.0262548,4.13841,0.170795,20.2,2.16795,0.0576659,0.0596592,0.0576659,0.0596592,0,0,0,0,0.00855756,0.00984368,0.00855756,0.00984368,16.6,2.19089,0.627102,0.147221,0.4,0.894427,65.4,16.8315,73.7846,19.6421,0.180006,0.0766328,inf,,103.2,46.1758,0.620922,0.0501169,0.360209,0.0561092,0.33173,0.0593627,74.2,15.9906,93.8759,19.3449,0.646627,0.0855618,0.165283,0.227314,inf,,1.91098,0.242127,26.4645,2.96649,84.8,18.4174,0.74497,0.0721889,0.989356,0.0238013,0.75284,0.0680892,0,0,0.149369,0.0418472,13,4.52769,0.0469951,0.0499637,0.0499778,0.040942,0.010797,0.0614999,0.309902,0.151909,35.6,4.61519,98,4.77493,0.5,,6,,0.467136,0.0487546,0.689939,0.0205387,0.735133,0.0275806,96,18.8149,461.4,77.6968,14.4,1.14018,0.0872708,0.0274519,9.61381,3.19766,2.23656,0.255023,0.323612,0.061173,0.392263,0.0375283,0.557545,0.0941574,pass,pass,pass,pass,pass,FAIL,FAIL,FAIL,,,,,,,,,,,,,,,,,,,,,,,
async-cap,13,5,10,0.08,100,3,1.58114,26,0,1068,83.1475,0.953271,0.00835455,0.953271,0.00835455,12.7784,1.83684,78.1824,4.32483,11.6012,1.35125,49.3,3.81772,13.8,5.10637,10.6818,0.890724,0.911777,0.0173333,4.39877,0.0965695,20.8,1.78885,0.019222,0.026519,0.019222,0.026519,0,0,0,0,0.00147907,0.00202566,0.00147907,0.00202566,15.6,1.67332,0.919643,0.0564692,0,0,129.4,25.6476,75.3351,13.5893,0.19229,0.0214,inf,,157.4,47.6529,0.655035,0.0392727,0.251108,0.0346081,0.237281,0.0255488,180.6,44.0602,116.301,26.4116,0.592706,0.0403087,0.070928,0.1586,inf,,1.68005,0.339688,30.8189,6.5783,89.6,15.3883,0.844462,0.0486446,1,0,0.844462,0.0486446,0,0,0.117267,0.0238095,16.4,1.14018,0.00729927,0.0163217,0.0129822,0.00237551,0.00125052,0.0329182,0.267371,0.114135,62.4,4.3359,169,5.76194,0.538462,,inf,,0.485268,0.0320599,0.671219,0.01649,0.720841,0.0356433,258.8,22.0839,1201.2,124.367,41,6.20484,0.0384242,0.0127502,2.41305,1.19014,2.62384,0.184841,0.361164,0.0561347,0.504529,0.0192178,0.936176,0.0767628,pass,pass,pass,pass,pass,pass,FAIL,FAIL,,,,,,,,,,,,,,,,,,,,,,,
async-cap,14,5,10,0.4,50,3,1.58114,26,0,534,55.5653,0.906453,0.0250275,0.906453,0.0250275,34,8.06359,141.035,,27.317,7.71249,25.3,2.33452,7.4,2.38223,5.46364,0.717549,0.817385,0.0332116,4.13008,0.175566,21.4,1.51658,0.0665072,0.0628964,0.0665072,0.0628964,0,0,0,0,0.00898938,0.00834897,0.00898938,0.00834897,16.6,2.19089,0.656299,0.108799,0.6,0.894427,60.2,7.49667,67.7,7.29052,0.20708,0.021994,inf,,88,31.1448,0.589783,0.0541193,0.332751,0.0505734,0.315991,0.053267,75.6,16.288,95.2027,20.0587,0.640981,0.0657128,0.14933,0.250505,inf,,1.77166,0.343698,29.1331,5.89094,81.6,22.9085,0.739451,0.0310894,0.973448,0.037635,0.759843,0.0237763,0,0,0.14388,0.0260551,9.8,1.92354,0.0178771,0.0399744,0.0263705,0.0138984,-0.0186689,0.0184283,0.27012,0.132813,35.6,4.61519,95,3.53553,0.536842,,4,,0.490535,0.0924713,0.693783,0.02087,0.739695,0.0273733,98.6,14.188,469.6,80.2764,15.8,4.81664,0.0619307,0.0338662,7.10295,3.94566,2.57173,0.281963,1.32927,0.127804,0.430114,0.0426827,0.600331,0.082852,pass,pass,pass,pass,pass,pass,FAIL,FAIL,,,,,,,,,,,,,,,,,,,,,,,
async-cap,15,5,10,0.4,100,3,1.58114,26,0,1068,83.1475,0.949649,0.0101908,0.949649,0.0101908,12.4206,1.76,78.8345,4.21459,11.286,1.18312,49.3,3.81772,13.8,5.10637,10.6455,0.806994,0.909591,0.0160656,4.39325,0.0883692,21.6,1.67332,0.0624506,0.075844,0.0624506,0.075844,0,0,0,0,0.0052365,0.0059729,0.0052365,0.0059729,15.6,1.67332,0.891071,0.0814411,0,0,124.8,21.9591,72.6798,11.586,0.184375,0.0338704,inf,,147.4,38.8947,0.673662,0.058142,0.257573,0.0188655,0.243325,0.0107272,176,30.8626,112.862,17.3891,0.58298,0.033802,0.156996,0.215055,inf,,1.73459,0.350971,29.8244,6.19931,88,14.9666,0.839779,0.0587669,1,0,0.839779,0.0587669,0,0,0.116313,0.0253052,18.4,1.94936,0.0142033,0.00555559,0.0210124,0.00781458,-0.000614562,0.0233027,0.285561,0.123837,62.4,4.3359,167,4.72229,0.491018,,inf,,0.470411,0.032881,0.674212,0.0175555,0.713401,0.0229645,257.2,24.8032,1212.4,123.015,40.8,11.5195,0.0237518,0.0116937,2.00769,1.22769,2.94907,0.194412,1.39051,0.101436,0.482211,0.0332819,0.89826,0.036188,pass,pass,pass,pass,pass,FAIL,FAIL,FAIL,,,,,,,,,,,,,,,,,,,,,,,
async-cap,16,5,25,0.08,50,3,1.58114,26,0,534,55.5653,0.916807,0.0231293,0.916807,0.0231293,33.3847,6.73057,117.181,,27.6377,5.60702,25.3,2.33452,7.4,2.38223,5.5,0.661828,0.819553,0.0262548,4.13841,0.170795,20.2,2.16795,0.0576659,0.0596592,0.0576659,0.0596592,0,0,0,0,0.00855756,0.00984368,0.00855756,0.00984368,16.6,2.19089,0.627102,0.147221,0.4,0.894427,65.4,16.8315,73.7846,19.6421,0.180006,0.0766328,inf,,103.2,46.1758,0.620922,0.0501169,0.360209,0.0561092,0.33173,0.0593627,74.2,15.9906,93.8759,19.3449,0.646627,0.0855618,0.165283,0.227314,inf,,1.91098,0.242127,26.4645,2.96649,84.8,18.4174,0.74497,0.0721889,0.989356,0.0238013,0.75284,0.0680892,0,0,0.149369,0.0418472,13,4.52769,0.0469951,0.0499637,0.0499778,0.040942,0.010797,0.0614999,0.309902,0.151909,35.6,4.61519,98,4.77493,0.5,,6,,0.467136,0.0487546,0.689939,0.0205387,0.735133,0.0275806,96,18.8149,461.4,77.6968,14.4,1.14018,0.0872708,0.0274519,9.61381,3.19766,2.23656,0.255023,0.323612,0.061173,0.395184,0.0237488,0.560939,0.0770714,pass,pass,pass,pass,pass,FAIL,FAIL,FAIL,,,,,,,,,,,,,,,,,,,,,,,
async-cap,17,5,25,0.08,100,3,1.58114,26,0,1068,83.1475,0.953271,0.00835455,0.953271,0.00835455,12.7784,1.83684,78.1824,4.32483,11.6012,1.35125,49.3,3.81772,13.8,5.10637,10.6818,0.890724,0.911777,0.0173333,4.39877,0.0965695,20.8,1.78885,0.019222,0.026519,0.019222,0.026519,0,0,0,0,0.00147907,0.00202566,0.00147907,0.00202566,15.6,1.67332,0.919643,0.0564692,0,0,129.4,25.6476,75.3351,13.5893,0.19229,0.0214,inf,,157.4,47.6529,0.655035,0.0392727,0.251108,0.0346081,0.237281,0.0255488,180.6,44.0602,116.301,26.4116,0.592706,0.0403087,0.070928,0.1586,inf,,1.68005,0.339688,30.8189,6.5783,89.6,15.3883,0.844462,0.0486446,1,0,0.844462,0.0486446,0,0,0.117267,0.0238095,16.4,1.14018,0.00729927,0.0163217,0.0129822,0.00237551,0.00125052,0.0329182,0.267371,0.114135,62.4,4.3359,169,5.76194,0.538462,,inf,,0.485268,0.0320599,0.671219,0.01649,0.720841,0.0356433,258.8,22.0839,1201.2,124.367,41,6.20484,0.0384242,0.0127502,2.41305,1.19014,2.62384,0.184841,0.361164,0.0561347,0.493229,0.0222485,0.902045,0.0634047,pass,pass,pass,pass,pass,pass,FAIL,FAIL,,,,,,,,,,,,,,,,,,,,,,,
async-cap,18,5,25,0.4,50,3,1.58114,26,0,534,55.5653,0.906453,0.0250275,0.906453,0.0250275,34,8.06359,141.035,,27.317,7.71249,25.3,2.33452,7.4,2.38223,5.46364,0.717549,0.817385,0.0332116,4.13008,0.175566,21.4,1.51658,0.0665072,0.0628964,0.0665072,0.0628964,0,0,0,0,0.00898938,0.00834897,0.00898938,0.00834897,16.6,2.19089,0.656299,0.108799,0.6,0.894427,60.2,7.49667,67.7,7.29052,0.20708,0.021994,inf,,88,31.1448,0.589783,0.0541193,0.332751,0.0505734,0.315991,0.053267,75.6,16.288,95.2027,20.0587,0.640981,0.0657128,0.14933,0.250505,inf,,1.77166,0.343698,29.1331,5.89094,81.6,22.9085,0.739451,0.0310894,0.973448,0.037635,0.759843,0.0237763,0,0,0.14388,0.0260551,9.8,1.92354,0.0178771,0.0399744,0.0263705,0.0138984,-0.0186689,0.0184283,0.27012,0.132813,35.6,4.61519,95,3.53553,0.536842,,4,,0.490535,0.0924713,0.693783,0.02087,0.739695,0.0273733,98.6,14.188,469.6,80.2764,15.8,4.81664,0.0619307,0.0338662,7.10295,3.94566,2.57173,0.281963,1.32927,0.127804,0.387032,0.0201054,0.558167,0.0686936,pass,pass,pass,pass,pass,pass,FAIL,FAIL,,,,,,,,,,,,,,,,,,,,,,,
async-cap,19,5,25,0.4,100,3,1.58114,26,0,1068,83.1475,0.949649,0.0101908,0.949649,0.0101908,12.4206,1.76,78.8345,4.21459,11.286,1.18312,49.3,3.81772,13.8,5.10637,10.6455,0.806994,0.909591,0.0160656,4.39325,0.0883692,21.6,1.67332,0.0624506,0.075844,0.0624506,0.075844,0,0,0,0,0.0052365,0.0059729,0.0052365,0.0059729,15.6,1.67332,0.891071,0.0814411,0,0,124.8,21.9591,72.6798,11.586,0.184375,0.0338704,inf,,147.4,38.8947,0.673662,0.058142,0.257573,0.0188655,0.243325,0.0107272,176,30.8626,112.862,17.3891,0.58298,0.033802,0.156996,0.215055,inf,,1.73459,0.350971,29.8244,6.19931,88,14.9666,0.839779,0.0587669,1,0,0.839779,0.0587669,0,0,0.116313,0.0253052,18.4,1.94936,0.0142033,0.00555559,0.0210124,0.00781458,-0.000614562,0.0233027,0.285561,0.123837,62.4,4.3359,167,4.72229,0.491018,,inf,,0.470411,0.032881,0.674212,0.0175555,0.713401,0.0229645,257.2,24.8032,1212.4,123.015,40.8,11.5195,0.0237518,0.0116937,2.00769,1.22769,2.94907,0.194412,1.41099,0.100914,0.492255,0.0300506,0.93586,0.032115,pass,pass,pass,pass,pass,FAIL,FAIL,FAIL,,,,,,,,,,,,,,,,,,,,,,,
async-density,0,5,,,50,3,1.58114,26,0,534,55.5653,0.916807,0.0231293,0.916807,0.0231293,33.3847,6.73057,117.181,,27.6377,5.60702,25.3,2.33452,7.4,2.38223,5.5,0.661828,0.819553,0.0262548,4.13841,0.170795,20.2,2.16795,0.0576659,0.0596592,0.0576659,0.0596592,0,0,0,0,0.00855756,0.00984368,0.00855756,0.00984368,16.6,2.19089,0.627102,0.147221,0.4,0.894427,65.4,16.8315,73.7846,19.6421,0.180006,0.0766328,inf,,103.2,46.1758,0.620922,0.0501169,0.360209,0.0561092,0.33173,0.0593627,74.2,15.9906,93.8759,19.3449,0.646627,0.0855618,0.165283,0.227314,inf,,1.91098,0.242127,26.4645,2.96649,84.8,18.4174,0.74497,0.0721889,0.989356,0.0238013,0.75284,0.0680892,0,0,0.149369,0.0418472,13,4.52769,0.0469951,0.0499637,0.0499778,0.040942,0.010797,0.0614999,0.309902,0.151909,35.6,4.61519,98,4.77493,0.5,,6,,0.467136,0.0487546,0.689939,0.0205387,0.735133,0.0275806,96,18.8149,461.4,77.6968,14.4,1.14018,0.0872708,0.0274519,9.61381,3.19766,2.23656,0.255023,0.323612,0.061173,0.405468,0.0439036,0.564597,0.0946205,pass,pass,pass,pass,pass,FAIL,FAIL,FAIL,6,,,,,,,,,,,,,,,,,,,,,,
async-density,1,5,,,50,3,1.58114,26,0,534,55.5653,0.907705,0.0270829,0.907705,0.0270829,43.6391,6.17908,131.834,,37.8874,6.62149,25.3,2.33452,7.4,2.38223,5.35455,0.726846,0.824769,0.0363708,4.2224,0.155228,20.6,1.14018,0.0401435,0.0435572,0.0401435,0.0435572,0,0,0,0,0.00324803,0.00299095,0.00388497,0.00366184,16.6,2.19089,0.626768,0.204575,0.8,0.83666,69.2,13.4796,77.8892,14.9077,0.282253,0.093203,33,,128.2,44.8631,0.621781,0.0687761,0.416543,0.049521,0.399706,0.0494401,83.4,13.3903,105.206,17.3742,0.660339,0.0400884,0.426555,0.348354,113.28,,2.27792,0.250341,22.1966,2.81012,83.2,16.5892,0.740331,0.0510827,0.985027,0.0212731,0.751471,0.0473097,0,0,0.16129,0.0338479,10.2,1.30384,0.0144851,0.0155989,0.0272369,0.0113119,-0.0008529,0.0450826,0.280796,0.080584,35.6,4.61519,87,3.57771,0.586207,,6,,0.510809,0.142227,0.681126,0.013029,0.744325,0.0227132,93.4,9.71082,467.4,73.7041,14.6,1.94936,0.102793,0.0563982,8.04683,4.20639,2.23257,0.298381,0.322855,0.047191,0.668275,0.0974035,0.394543,0.0459125,pass,pass,pass,pass,pass,pass,FAIL,FAIL,24,,,,,,,,,,,,,,,,,,,,,,
async-density,2,5,,,50,3,1.58114,26,0,534,55.5653,0.909477,0.0175109,0.909477,0.0175109,146.051,1.53219,167.487,,142.376,1.47585,25.3,2.33452,7.4,2.38223,5.38182,0.64651,0.883213,0.034642,4.43192,0.155783,20.6,1.51658,0.0597175,0.0675209,0.0597175,0.0675209,0,0,0,0,0.00803878,0.0096688,0.00803878,0.0096688,16.6,2.19089,0.719552,0.210756,0.2,0.447214,77,14.089,86.7504,15.973,0.340316,0.0208754,42,20.4083,212.6,57.3263,0.548852,0.0601042,0.540983,0.0681958,0.518123,0.0879956,79.2,11.4324,99.1035,14.5719,0.718108,0.0861523,0.571737,0.132772,90.6048,17.1072,2.88397,0.243288,17.4288,1.35938,105.6,19.9198,0.723298,0.0658767,1,0,0.723298,0.0658767,0.009,0.0201246,0.224028,0.0221582,10,2,0.0147699,0.0135251,0.0185726,0.00955937,0.0194585,0.0585119,0.338865,0.105805,35.6,4.61519,95,4,0.631579,,4,,0.598306,0.066961,0.705522,0.00721771,0.762349,0.0165436,86.6,17.9805,431.6,40.6116,11.4,5.77062,0.0720228,0.0602474,2.9622,1.23923,2.32356,0.186762,0.301573,0.0482181,3.08449,1.92101,0.651776,0.267956,pass,FAIL,pass,pass,pass,pass,pass,FAIL,168,"1e9,1e9,1e9",,,,,,,,,,,,,,,,,,,,,
async-density,3,5,,,100,3,1.58114,26,0,1068,83.1475,0.953271,0.00835455,0.953271,0.00835455,12.7784,1.83684,78.1824,4.32483,11.6012,1.35125,49.3,3.81772,13.8,5.10637,10.6818,0.890724,0.911777,0.0173333,4.39877,0.0965695,20.8,1.78885,0.019222,0.026519,0.019222,0.026519,0,0,0,0,0.00147907,0.00202566,0.00147907,0.00202566,15.6,1.67332,0.919643,0.0564692,0,0,129.4,25.6476,75.3351,13.5893,0.19229,0.0214,inf,,157.4,47.6529,0.655035,0.0392727,0.251108,0.0346081,0.237281,0.0255488,180.6,44.0602,116.301,26.4116,0.592706,0.0403087,0.070928,0.1586,inf,,1.68005,0.339688,30.8189,6.5783,89.6,15.3883,0.844462,0.0486446,1,0,0.844462,0.0486446,0,0,0.117267,0.0238095,16.4,1.14018,0.00729927,0.0163217,0.0129822,0.00237551,0.00125052,0.0329182,0.267371,0.114135,62.4,4.3359,169,5.76194,0.538462,,inf,,0.485268,0.0320599,0.671219,0.01649,0.720841,0.0356433,258.8,22.0839,1201.2,124.367,41,6.20484,0.0384242,0.0127502,2.41305,1.19014,2.62384,0.184841,0.358497,0.058831,0.515653,0.0236281,0.967383,0.0864247,pass,pass,pass,pass,pass,pass,FAIL,FAIL,6,,,,,,,,,,,,,,,,,,,,,,
async-density,4,5,,,100,3,1.58114,26,0,1068,83.1475,0.953563,0.00561159,0.953563,0.00561159,20.0731,0.912601,87.6295,5.15355,19.3448,0.766331,49.3,3.81772,13.8,5.10637,10.4727,0.837894,0.922669,0.0106789,4.49631,0.0899097,20.6,1.14018,0.00952381,0.0212959,0.00952381,0.0212959,0,0,0,0,0.000728597,0.00162919,0.000728597,0.00162919,15.6,1.67332,0.940278,0.059252,0,0,141.6,26.1017,82.4509,13.7414,0.2027,0.054725,inf,,200.6,55.5455,0.655934,0.0317153,0.31522,0.0548972,0.3072,0.055638,184.4,23.1041,118.567,13.0343,0.598619,0.0285011,0.035,0.0782624,inf,,1.76239,0.27942,28.9071,4.27507,99.2,19.2666,0.857802,0.0208842,1,0,0.857802,0.0208842,0,0,0.137368,0.0252084,18.8,2.04939,0.0184299,0.0160508,0.0157463,0.00718083,0.00868511,0.0397573,0.300987,0.0986031,62.4,4.3359,171,5.01996,0.450292,,6,,0.517972,0.0412467,0.658813,0.0139392,0.725778,0.0187337,262.8,31.8465,1229.2,113.326,40.2,7.66159,0.0474278,0.0164019,3.40091,1.99794,2.70484,0.264268,0.384257,0.0577002,2.20416,0.624344,1.20566,0.242443,pass,pass,pass,pass,pass,FAIL,FAIL,FAIL,24,,,,,,,,,,,,,,,,,,,,,,
async-density,5,5,,,100,3,1.58114,26,0,1068,83.1475,0.959918,0.0111471,0.959918,0.0111471,144.663,0.650923,165.606,0.485373,143.126,0.748422,49.3,3.81772,13.8,5.10637,10.5545,0.983017,0.97172,0.00788013,4.71071,0.0928528,17.2,2.77489,0.084386,0.0802389,0.084386,0.0802389,0,0,0,0,0.00664879,0.00634343,0.00664879,0.00634343,15.6,1.67332,1,0,0,0,157.2,23.6791,91.5668,12.1884,0.357793,0.0560041,33.6,5.85662,431.6,75.9296,0.601444,0.0267987,0.572096,0.0349501,0.568876,0.0312815,193,32.9469,123.357,18.8873,0.691607,0.0455588,0.641279,0.0641027,78.6073,8.01668,2.99088,0.299721,16.8383,1.50795,115.2,18.4174,0.873359,0.0599658,1,0,0.873359,0.0599658,0.0338333,0.0325085,0.215823,0.0336162,20.8,1.64317,0.0141819,0.00960608,0.0153584,0.00342198,0.0239356,0.0549198,0.345863,0.120017,62.4,4.3359,172,4.44972,0.593023,,6.6,2.07364,0.585652,0.0284495,0.685938,0.0159767,0.785063,0.0289878,226.2,25.4696,1078.2,114.69,28.8,4.26615,0.0338822,0.00775714,1.83756,1.22628,2.64001,0.221082,0.384482,0.0398185,16.7469,4.92084,2.73299,0.558711,pass,FAIL,pass,pass,pass,pass,pass,FAIL,168,"1e9,1e9,1e9",,,,,,,,,,,,,,,,,,,,,
async-density,6,5,,,200,3,1.58114,26,0,2157.6,61.2315,0.979247,0.00501079,0.979247,0.00501079,5.59979,0.137803,41.2989,3.47373,5.49481,0.147712,98.8,3.47491,26.5,4.7697,20.7455,0.69428,0.967943,0.00461689,4.66525,0.0611172,18.8,2.04939,0.0328173,0.0478426,0.0328173,0.0478426,0,0,0,0,0.00090487,0.00154268,0.00090487,0.00154268,15.8,0.447214,0.9875,0.0279508,0,0,264.4,13.5941,74.7558,5.50759,0.11041,0.0248702,inf,,157.6,23.4691,0.779436,0.0541282,0.156283,0.00475999,0.155021,0.00553702,317.4,43.1833,99.9967,13.2598,0.508174,0.0273134,0,0,inf,,1.1395,0.149803,44.4653,5.60398,68.8,14.5327,0.917545,0.0268628,1,0,0.917545,0.0268628,0,0,0.077978,0.00525648,38.4,6.50385,0.0117299,0.00461942,0.0161584,0.0102159,0.0158847,0.0205073,0.330366,0.0294885,138.4,12.661,361,6.14003,0.490305,,8,,0.492162,0.0308614,0.626014,0.00734303,0.664998,0.00983053,631.6,52.7475,2978.4,162.002,102,14.6287,0.0189891,0.00645507,0.656221,0.425895,2.85084,0.167971,0.412347,0.0449043,0.921062,0.0916893,1.79268,0.126601,pass,pass,pass,pass,pass,FAIL,FAIL,FAIL,6,,,,,,,,,,,,,,,,,,,,,,
async-density,7,5,,,200,3,1.58114,26,0,2157.6,61.2315,0.978502,0.0021196,0.978502,0.0021196,16.4785,0.260897,46.6845,0.76938,16.2024,0.286566,98.8,3.47491,26.5,4.7697,20.4545,0.791875,0.969927,0.00422246,4.72974,0.10468,21.2,1.64317,0.0205263,0.0281222,0.0205263,0.0281222,0,0,0,0,0.000560987,0.000828779,0.000560987,0.000828779,15.8,0.447214,0.975,0.0342327,0,0,298,23.4521,84.3239,8.83432,0.180534,0.0192429,inf,,296.6,18.2016,0.697876,0.02523,0.255982,0.0187159,0.251007,0.018773,359,36.4417,113.218,12.8569,0.542324,0.0420109,0,0,inf,,1.5215,0.182172,33.2367,3.9174,73.6,6.69328,0.923629,0.0154339,1,0,0.923629,0.0154339,0,0,0.118603,0.0116017,39.8,6.37966,0.0157853,0.0112668,0.0173396,0.0124362,-0.00227712,0.0401311,0.385286,0.0312885,138.4,12.661,372,5.45894,0.548387,,5,,0.503235,0.039453,0.640146,0.00605098,0.719091,0.0170118,573.4,45.3299,2885.2,142.168,91.4,11.8025,0.0163172,0.00537907,0.721476,0.664174,2.76439,0.178999,0.39168,0.0413767,7.51386,0.518943,3.92213,0.30509,pass,pass,pass,pass,pass,pass,FAIL,FAIL,24,,,,,,,,,,,,,,,,,,,,,,
async-density,8,5,,,200,3,1.58114,26,0,2157.6,61.2315,0.995032,0.00318286,0.995032,0.00318286,142.927,0.665844,164.478,0.23197,142.729,0.640714,98.8,3.47491,26.5,4.7697,20.8,0.665409,0.999277,0.000990895,4.93039,0.0494437,8.4,5.31977,0,0,0,0,0,0,0,0,0,0,0,0,15.8,0.447214,1,0,0,0,357.4,25.6379,101.085,9.44884,0.364473,0.020439,32.2,6.26099,924.4,114.993,0.602717,0.015026,0.571487,0.0180917,0.571487,0.0180917,393.6,39.9912,123.849,15.4075,0.662578,0.0378117,0.586018,0.0973873,87.1616,13.8888,2.77333,0.238514,18.125,1.39754,113.6,13.1453,1,0,1,0,1,0,0.0563889,0.00625771,0.224764,0.0176008,43.8,9.36483,0.00953702,0.0102873,0.013936,0.00599543,-0.00314318,0.0201463,0.448996,0.0227946,138.4,12.661,393,4.27785,0.633588,,3.6,0.547723,0.610695,0.0506718,0.659438,0.00301422,0.769009,0.0130232,483.8,41.7696,2504.2,153.798,83.6,10.6442,0.0220591,0.0102,0.177696,0.243453,2.67887,0.227951,0.332285,0.0385036,113.606,11.0292,10.3991,0.686187,pass,FAIL,pass,pass,pass,pass,pass,FAIL,168,"1e9,1e9,1e9",,,,,,,,,,,,,,,,,,,,,
async-density,9,5,,,350,3,1.58114,26,0,3819.8,233.685,0.988842,0.00116581,0.988842,0.00116581,4.39613,0.127011,20.0923,1.2776,4.3438,0.129801,174.5,10.6771,46.1,5.34322,36.5273,2.31519,0.984012,0.0042518,4.72435,0.0771487,20.2,1.64317,0,0,0,0,0,0,0,0,0,0,0,0,16.6,0.894427,0.976389,0.0324239,0,0,463.2,25.3614,74.8994,3.56064,0.0794656,0.0153022,inf,,175.8,12.2556,0.817156,0.0122992,0.107206,0.0133133,0.10686,0.0134091,390.2,34.4195,69.7073,5.56996,0.383191,0.0208109,0,0,inf,,0.879373,0.137995,57.9803,9.02778,54.4,6.69328,0.982727,0.0237062,1,0,0.982727,0.0237062,0,0,0.0565079,0.00463496,65.8,8.92749,0.0108738,0.00415223,0.0127454,0.00431313,0.0105951,0.0149123,0.288306,0.0230443,233.6,17.3003,680,9.38083,0.505882,,7,,0.49288,0.0259165,0.5936,0.00194039,0.637494,0.00314975,1203.4,107.811,5771.6,535.697,186.4,18.4878,0.0105405,0.00295626,0.229779,0.186839,2.94759,0.191708,0.38949,0.0351012,2.629,0.345412,4.61933,0.526657,pass,pass,pass,pass,pass,pass,FAIL,FAIL,6,,,,,,,,,,,,,,,,,,,,,,
async-density,10,5,,,350,3,1.58114,26,0,3819.8,233.685,0.989256,0.00210908,0.989256,0.00210908,15.244,0.298993,23.7388,0.165988,15.1109,0.305408,174.5,10.6771,46.1,5.34322,36.2,2.30513,0.983681,0.00121377,4.77117,0.0546788,18.4,0.547723,0.0111111,0.0248452,0.0111111,0.0248452,0,0,0,0,0.000213561,0.000477537,0.000213561,0.000477537,16.6,0.894427,1,0,0,0,550,47.8696,88.9138,6.99932,0.16683,0.0215059,inf,,510.6,74.1168,0.747815,0.0150911,0.239668,0.0133436,0.238347,0.0125761,519.2,75.6089,92.6841,12.4629,0.484983,0.0336207,0,0,inf,,1.44364,0.0566844,34.6765,1.33377,75.2,9.1214,0.990909,0.0203279,1,0,0.990909,0.0203279,0,0,0.102381,0.00705238,64.2,6.41872,0.00672959,0.00867388,0.0109003,0.0040709,0.00632262,0.0126071,0.336031,0.0336471,233.6,17.3003,689,9.65401,0.555878,,5.6,1.51658,0.533146,0.0187189,0.607345,0.00434768,0.692722,0.0104279,1074.8,81.8242,5428.8,416.404,170,22.7266,0.0121796,0.00339689,0.153025,0.0659994,2.73535,0.208501,0.360474,0.0417627,20.8285,2.879,11.3191,1.54191,pass,pass,pass,pass,pass,pass,FAIL,FAIL,24,,,,,,,,,,,,,,,,,,,,,,
async-density,11,5,,,350,3,1.58114,26,0,3819.8,233.685,0.999889,0.000249213,0.999889,0.000249213,142.597,0.730292,164.196,0.297971,142.597,0.728865,174.5,10.6771,46.1,5.34322,36.4182,2.18239,1,0,4.99991,0.0539539,0.4,0.894427,0,0,0,0,0,0,0,0,0,0,0,0,16.6,0.894427,1,0,0,0,635.6,37.8061,102.771,5.30716,0.385742,0.0339546,28,0,1650.8,240.985,0.645432,0.0147945,0.611686,0.0161118,0.611686,0.0161118,590.6,42.4476,105.434,7.23941,0.647875,0.032213,0.674329,0.0413811,74.375,4.63512,2.98568,0.223938,16.8243,1.29701,147.2,26.2907,1,0,1,0,1,0,0.0422083,0.0272891,0.229921,0.0114207,61.6,2.70185,0.00496691,0.00467295,0.00609489,0.00102301,0.015362,0.0228516,0.436527,0.0164265,233.6,17.3003,698,9.60729,0.620344,,4,0,0.616324,0.0190693,0.638711,0.00414432,0.768713,0.00666599,893.4,70.7587,4635.2,390.873,159.4,14.6048,0.0157439,0.00442429,0,0,2.66766,0.121174,0.350932,0.0245196,397.275,43.1358,31.927,3.39199,pass,FAIL,pass,pass,pass,pass,pass,FAIL,168,"1e9,1e9,1e9",,,,,,,,,,,,,,,,,,,,,
async-density,12,5,,,500,3,1.58114,26,0,5518,326.754,0.99281,0.00180567,0.99281,0.00180567,3.92203,0.0675689,13.3057,1.26036,3.89403,0.0678166,251.8,13.8139,69.4,7.51166,52.5455,2.52488,0.988646,0.00324562,4.7554,0.0716902,18,2.91548,0.0105263,0.0235376,0.0105263,0.0235376,0,0,0,0,0.000136193,0.000304538,0.000136193,0.000304538,17.2,2.68328,0.984615,0.034401,0,0,675.2,55.4004,75.5345,5.28091,0.0596284,0.0135847,inf,,213.4,29.8211,0.827461,0.0172925,0.0906525,0.015046,0.0901717,0.0151036,369.6,44.1452,45.3912,4.67434,0.310025,0.0193859,0,0,inf,,0.715852,0.092973,71.0021,11.123,49.6,10.4307,1,0,1,0,1,0,0,0,0.0439978,0.00549951,104.2,8.8713,0.0161317,0.00571552,0.0139848,0.00304532,0.0196605,0.0159447,0.329552,0.0251441,339.8,22.2194,987,16.1028,0.526849,,6.6,1.51658,0.495501,0.0145177,0.573094,0.00435027,0.616114,0.00604555,1813,169.194,8786.4,675.03,294,28.3019,0.00690032,0.00133768,0.0873143,0.0617267,2.94358,0.120027,0.396916,0.031215,5.05511,1.01318,8.79437,1.48894,pass,pass,pass,pass,pass,pass,FAIL,FAIL,6,,,,,,,,,,,,,,,,,,,,,,
async-density,13,5,,,500,3,1.58114,26,0,5518,326.754,0.992304,0.00128828,0.992304,0.00128828,14.7379,0.25853,23.129,0.107098,14.6537,0.258464,251.8,13.8139,69.4,7.51166,51.3091,2.56917,0.991981,0.00152004,4.86764,0.0622456,19,1.22474,0,0,0,0,0,0,0,0,0,0,0,0,17.2,2.68328,1,0,0,0,802.6,48.2162,89.7897,3.85308,0.174591,0.01898,inf,,724,71.7879,0.778811,0.0218058,0.245696,0.0137682,0.244713,0.0142729,604.4,54.3903,74.2534,5.41104,0.470808,0.0202141,0,0,inf,,1.48629,0.124013,33.8295,2.82909,75.2,7.15542,1,0,1,0,1,0,0,0,0.109569,0.00394232,98.8,9.14877,0.010384,0.00344334,0.0105217,0.000854062,0.0267599,0.0120391,0.396975,0.0265635,339.8,22.2194,987,18.6091,0.554205,,5.4,1.51658,0.553156,0.00851639,0.594159,0.00414336,0.689642,0.00497292,1603.6,122.214,8209.6,610.169,255.8,28.3143,0.00785314,0.0035678,0.0532,0.0487786,2.8016,0.0673386,0.366007,0.0164882,45.5784,5.72197,24.809,2.92779,pass,pass,pass,pass,pass,pass,FAIL,FAIL,24,,,,,,,,,,,,,,,,,,,,,,
async-density,14,5,,,500,3,1.58114,26,0,5518,326.754,1,0,1,0,142.902,0.781788,164.239,0.274289,142.904,0.782766,251.8,13.8139,69.4,7.51166,52.0545,2.81642,1,0,5.04612,0.0356647,0,0,,,,,,,0,0,0,0,0,0,17.2,2.68328,1,0,0,0,928.6,90.1876,103.821,8.14037,0.387269,0.0059918,29.4,3.1305,2314.4,353.917,0.654021,0.0178982,0.615264,0.0160785,0.615264,0.0160785,818.4,44.343,100.516,4.41708,0.65301,0.0133469,0.651951,0.0354157,76.875,4.19263,2.94506,0.0522665,16.9819,0.302249,116.8,10.7331,1,0,1,0,1,0,0.0492857,0.0285882,0.222679,0.0148745,102.2,19.7914,0.00925291,0.00805547,0.00759819,0.00465377,0.015408,0.00987108,0.474176,0.0303702,339.8,22.2194,1031,18.7537,0.658584,,3.6,0.894427,0.62699,0.0401606,0.62632,0.00447958,0.764472,0.00953513,1300.6,95.7956,6941.2,408.402,214.6,14.7241,0.0112067,0.00238874,0,0,2.66225,0.0890489,0.363428,0.0271141,871.192,99.8188,69.3918,7.89314,pass,FAIL,pass,pass,pass,pass,pass,FAIL,168,"1e9,1e9,1e9",,,,,,,,,,,,,,,,,,,,,
async-detection-placebo,0,5,,,,3,1.58114,26,0,1068,83.1475,0.953271,0.00835455,0.953271,0.00835455,12.7784,1.83684,78.1824,4.32483,11.6012,1.35125,49.3,3.81772,13.8,5.10637,10.6818,0.890724,0.911777,0.0173333,4.39877,0.0965695,20.8,1.78885,0.019222,0.026519,0.019222,0.026519,0,0,0,0,0.00147907,0.00202566,0.00147907,0.00202566,15.6,1.67332,0.919643,0.0564692,0,0,129.4,25.6476,75.3351,13.5893,0.19229,0.0214,inf,,157.4,47.6529,0.655035,0.0392727,0.251108,0.0346081,0.237281,0.0255488,180.6,44.0602,116.301,26.4116,0.592706,0.0403087,0.070928,0.1586,inf,,1.68005,0.339688,30.8189,6.5783,89.6,15.3883,0.844462,0.0486446,1,0,0.844462,0.0486446,0,0,0.117267,0.0238095,16.4,1.14018,0.00729927,0.0163217,0.0129822,0.00237551,0.00125052,0.0329182,0.267371,0.114135,62.4,4.3359,169,5.76194,0.538462,,inf,,0.485268,0.0320599,0.671219,0.01649,0.720841,0.0356433,258.8,22.0839,1201.2,124.367,41,6.20484,0.0384242,0.0127502,2.41305,1.19014,2.62384,0.184841,0.358497,0.058831,0.508108,0.0482437,0.920442,0.0864357,pass,pass,pass,pass,pass,pass,FAIL,FAIL,6,,True,,,,,,,,,,,,,,,,,,,,
async-detection-placebo,1,5,,,,3,1.58114,26,0,1068,83.1475,0.959918,0.0111471,0.959918,0.0111471,144.663,0.650923,165.606,0.485373,143.126,0.748422,49.3,3.81772,13.8,5.10637,10.5545,0.983017,0.97172,0.00788013,4.71071,0.0928528,17.2,2.77489,0.084386,0.0802389,0.084386,0.0802389,0,0,0,0,0.00664879,0.00634343,0.00664879,0.00634343,15.6,1.67332,1,0,0,0,157.2,23.6791,91.5668,12.1884,0.357793,0.0560041,33.6,5.85662,431.6,75.9296,0.601444,0.0267987,0.572096,0.0349501,0.568876,0.0312815,193,32.9469,123.357,18.8873,0.691607,0.0455588,0.641279,0.0641027,78.6073,8.01668,2.99088,0.299721,16.8383,1.50795,115.2,18.4174,0.873359,0.0599658,1,0,0.873359,0.0599658,0.0338333,0.0325085,0.215823,0.0336162,20.8,1.64317,0.0141819,0.00960608,0.0153584,0.00342198,0.0239356,0.0549198,0.345863,0.120017,62.4,4.3359,172,4.44972,0.593023,,6.6,2.07364,0.585652,0.0284495,0.685938,0.0159767,0.785063,0.0289878,226.2,25.4696,1078.2,114.69,28.8,4.26615,0.0338822,0.00775714,1.83756,1.22628,2.64001,0.221082,0.384482,0.0398185,16.5482,4.67282,2.7262,0.51568,pass,FAIL,pass,pass,pass,pass,pass,FAIL,168,"1e9,1e9,1e9",True,,,,,,,,,,,,,,,,,,,,
async-detection-placebo,2,5,,,,3,1.58114,26,0,1068,83.1475,0.963342,0.00450609,0.963342,0.00450609,8.51589,1.06712,55.3803,3.45892,7.75958,0.94085,49.3,3.81772,13.8,5.10637,10.3727,0.881631,0.945553,0.00568391,4.58359,0.0788334,18.8,1.64317,0,0,0,0,0,0,0,0,0,0,0,0,15.6,1.67332,0.976389,0.0324239,0,0,135.4,18.4337,78.8784,9.359,0.169836,0.0410224,inf,,95.8,12.6965,0.913004,0.0223159,0.223023,0.0207091,0.216722,0.0215533,217,52.302,139.575,31.4592,0.629572,0.0355697,0,0,inf,,1.65556,0.287079,30.9679,5.54659,92.8,22.3428,0.860772,0.0197042,1,0,0.860772,0.0197042,0,0,0.103167,0.0219629,18.4,1.94936,0.0044195,0.00686247,0.0155413,0.00524702,0.0241126,0.0650111,0.259655,0.128352,62.4,4.3359,170,5.83095,0.523529,,6,,0.47892,0.0357612,0.503756,0.00770046,0.533839,0.0302963,239.2,25.3318,1156.6,136.218,37,4.47214,0.405714,0.035399,55.662,5.56318,2.57123,0.214014,0.417189,0.0656779,0.452976,0.0682333,0.651435,0.0342427,pass,pass,pass,pass,pass,pass,FAIL,pass,6,,False,,,,,,,,,,,,,,,,,,,,
async-detection-placebo,3,5,,,,3,1.58114,26,0,1068,83.1475,0.986873,0.00569451,0.986873,0.00569451,143.636,0.46969,164.639,0.568329,143.142,0.592949,49.3,3.81772,13.8,5.10637,10.6545,0.948357,0.993163,0.00755389,4.7881,0.0868748,8.6,3.64692,0,0,0,0,0,0,0,0,0,0,0,0,15.6,1.67332,1,0,0,0,166.6,17.5585,97.0982,8.71134,0.445616,0.0517696,22.4,3.1305,419,49.7142,0.762655,0.0461636,0.740718,0.0454497,0.740718,0.0454497,147.4,25.8612,93.9034,13.6527,0.753708,0.0311328,1.0426,0.191131,49.5833,11.1609,4.02695,0.598503,12.65,1.96935,148.8,32.2986,0.97,0.0447214,1,0,0.97,0.0447214,0.0563593,0.0166021,0.233675,0.0400067,20.8,3.70135,0.00543255,0.00747802,0.0130599,0.00729029,0.0122023,0.0340866,0.355013,0.0958217,62.4,4.3359,170,4.84768,0.541176,,6,,0.589652,0.0421581,0.504777,0.0147842,0.525208,0.0980535,185,25.8554,900.4,105.011,29.6,8.73499,0.457371,0.041952,65.6855,1.66597,2.33591,0.297951,0.405922,0.0636013,28.5897,4.6228,2.98777,0.319867,pass,FAIL,pass,pass,pass,pass,pass,pass,168,"1e9,1e9,1e9",False,,,,,,,,,,,,,,,,,,,,
async-half-life,0,5,,,50,3,1.58114,60,0,1466,217.514,0.925412,0.0171547,0.925412,0.0171547,24.9025,7.81005,109.242,16.4783,21.2266,6.26234,27.2,4.25147,7.8,2.48998,5.85714,0.849013,0.848339,0.0330605,4.23883,0.124764,49.6,2.70185,0.0396484,0.0298507,0.0396484,0.0298507,0,0,0,0,0.00556708,0.00421365,0.00556708,0.00421365,43.8,2.94958,0.769513,0.0647076,0.8,0.83666,169.2,43.1126,117.415,25.8084,0.243911,0.0292131,61.25,,333.6,117.874,0.725561,0.0410743,0.329117,0.0295952,0.303956,0.0361073,247,66.325,187.496,44.6803,0.71394,0.0572148,0.200727,0.120208,225.127,,1.53015,0.372652,34.3165,8.60858,150.4,48.4644,0.781951,0.0209879,0.985363,0.020192,0.793788,0.0248121,0.00125,0.00279508,0.173414,0.0277769,19.8,4.91935,0.0298169,0.016833,0.0362383,0.0201254,-0.0122991,0.0202198,0.238416,0.074085,90.4,14.3979,323,9.5551,0.510836,,5,1,0.471757,0.04141,0.574409,0.0190974,0.598312,0.0417648,238.4,25.7352,1176.4,194.069,36.8,9.88433,0.373538,0.0289879,2.86812,0.684238,0.864652,0.0763722,0.490655,0.0568706,0.387806,0.0213419,1.24758,0.166702,pass,pass,pass,pass,pass,pass,FAIL,FAIL,6,,,7,,,,,,,,,,,,,,,,,,,
async-half-life,1,5,,,50,3,1.58114,60,0,1466,217.514,0.926886,0.01931,0.926886,0.01931,145.085,0.780627,166.913,0.8347,142.404,0.858818,27.2,4.25147,7.8,2.48998,5.60714,0.936181,0.920641,0.0208763,4.53888,0.0519278,47.2,5.54076,0.0492091,0.04026,0.0492091,0.04026,0,0,0,0,0.00570408,0.00403303,0.00570408,0.00403303,43.8,2.94958,0.837396,0.101728,0.6,0.894427,193.2,36.4033,134.548,22.2814,0.359585,0.0452306,32.2,6.26099,795.8,266.315,0.555504,0.0391653,0.530489,0.0383822,0.520725,0.0395658,237,64.6838,178.861,44.1282,0.781447,0.0679018,0.488554,0.147145,112.581,43.968,2.27249,0.227285,22.1732,2.14632,179.2,35.1454,0.758872,0.0798571,1,0,0.758872,0.0798571,0.0463333,0.0312283,0.257763,0.0404299,19.8,5.63028,0.0306538,0.0338743,0.0243789,0.0118166,-0.0087928,0.0578847,0.295515,0.0855116,90.4,14.3979,327,10.6677,0.544343,,4,1,0.549104,0.0464971,0.59957,0.0149362,0.623127,0.0386732,217.2,30.5892,1043.2,146.088,29.8,7.91833,0.402894,0.0669753,1.60031,0.616791,0.973546,0.113878,0.495994,0.0971206,4.4011,1.94931,1.91839,0.661668,pass,FAIL,pass,pass,pass,pass,pass,FAIL,168,"1e9,1e9,1e9",,7,,,,,,,,,,,,,,,,,,,
async-half-life,2,5,,,100,3,1.58114,60,0,2713.4,278.941,0.957085,0.00450478,0.957085,0.00450478,11.0926,1.76745,72.3673,4.71794,10.1798,1.37096,49.1,5.44748,13.8,3.54612,10.5071,1.03914,0.925921,0.013181,4.477,0.0826829,50.6,2.50998,0.0359665,0.0300301,0.0359665,0.0300301,0,0,0,0,0.00256617,0.00216025,0.00256617,0.00216025,42,4.24264,0.883002,0.0461395,0.6,0.894427,334.2,50.2912,120.544,17.7775,0.155852,0.0166617,inf,,453.8,100.393,0.752301,0.0206782,0.241232,0.0303157,0.229385,0.0260837,560,156.392,220.318,53.7838,0.657791,0.0373125,0.0307116,0.0686733,inf,,1.10244,0.155063,46.2038,7.5824,140.8,44.7571,0.855188,0.0279056,1,0,0.855188,0.0279056,0,0,0.135357,0.0140289,35.4,9.09945,0.0236575,0.0248636,0.029661,0.0242121,0.00548368,0.0328868,0.289452,0.0556369,168.2,13.3304,576,14.0961,0.5,,5.4,1.14018,0.502243,0.0359008,0.580635,0.00959526,0.593056,0.0252965,581.4,61.5451,2803,342.488,87,13.9821,0.277293,0.0193691,0.946678,0.547681,0.887504,0.124076,0.550855,0.0886574,0.491894,0.0244192,2.0099,0.178053,pass,pass,pass,pass,pass,FAIL,FAIL,FAIL,6,,,7,,,,,,,,,,,,,,,,,,,
async-half-life,3,5,,,100,3,1.58114,60,0,2713.4,278.941,0.969989,0.0102121,0.969989,0.0102121,144.072,0.701129,165.353,0.368883,143.007,0.534287,49.1,5.44748,13.8,3.54612,10.225,1.15911,0.983548,0.0058154,4.76438,0.0519479,41.8,4.86826,0.0363093,0.0314359,0.0363093,0.0314359,0,0,0,0,0.00224423,0.00265328,0.00224423,0.00265328,42,4.24264,0.978261,0.0486102,0,0,392.8,55.6749,141.643,19.3234,0.361204,0.0132855,29.4,3.1305,1505,254.978,0.573799,0.0231209,0.549149,0.0233367,0.548858,0.0235093,532.2,107.938,209.045,35.7639,0.739456,0.0227646,0.390972,0.0415783,129.147,14.8601,2.36739,0.304553,21.391,2.64113,190.4,35.9555,0.89463,0.0348277,1,0,0.89463,0.0348277,0.0446667,0.0282361,0.242225,0.0204484,41.2,16.9027,0.0279845,0.0238307,0.0257003,0.0218551,-0.0129791,0.0393892,0.414377,0.0713392,168.2,13.3304,589,10.663,0.560272,,3.8,0.447214,0.56561,0.0396623,0.585544,0.00998161,0.644767,0.0202847,500,59.6657,2393.4,282.994,70.2,12.7945,0.311483,0.0304026,0.502091,0.318593,0.898193,0.0857564,0.540528,0.0553532,19.4297,6.36113,5.91502,1.28651,pass,FAIL,pass,pass,pass,pass,pass,FAIL,168,"1e9,1e9,1e9",,7,,,,,,,,,,,,,,,,,,,
async-half-life,4,5,,,50,3,1.58114,60,0,1466,217.514,0.921476,0.0199244,0.921476,0.0199244,28.1493,7.26083,118.267,,23.6052,5.60519,27.2,4.25147,7.8,2.48998,5.94643,0.928571,0.828618,0.0374803,4.16576,0.123391,50.8,4.65833,0.0447972,0.0244876,0.0447972,0.0244876,0,0,0,0,0.00553643,0.00226999,0.00553643,0.00226999,43.8,2.94958,0.786302,0.0985924,1,0.707107,162.2,31.7128,112.823,19.6393,0.215646,0.0239982,110.75,,343.6,109.327,0.651391,0.0289283,0.322,0.0456778,0.296754,0.0449539,206.4,31.4134,158.174,26.2969,0.690692,0.0542819,0.211445,0.13606,215.625,,1.52299,0.29878,33.8029,6.21357,132.8,33.752,0.754438,0.0719829,0.990909,0.0203279,0.760556,0.0604597,0.002,0.00447214,0.166334,0.0323133,19,3.31662,0.0304931,0.0280356,0.0362976,0.00700078,0.0117867,0.0586379,0.251601,0.0905275,90.4,14.3979,319,8.34865,0.473354,,5.2,0.447214,0.454257,0.0449787,0.61486,0.00694279,0.653967,0.00628605,251.4,28.1833,1184,201.342,37.2,5.93296,0.290108,0.0277899,4.81476,1.04476,1.1773,0.118352,0.471414,0.116511,0.407911,0.0375805,1.40023,0.224094,pass,pass,pass,pass,pass,FAIL,FAIL,FAIL,6,,,14,,,,,,,,,,,,,,,,,,,
async-half-life,5,5,,,50,3,1.58114,60,0,1466,217.514,0.928956,0.0140224,0.928956,0.0140224,144.955,0.786182,166.854,0.593156,142.422,0.685908,27.2,4.25147,7.8,2.48998,5.725,0.896297,0.891791,0.0236741,4.4439,0.05985,50.4,1.94936,0.0397059,0.039231,0.0397059,0.039231,0,0,0,0,0.00529051,0.00573279,0.00529051,0.00573279,43.8,2.94958,0.796217,0.119504,0.6,0.894427,186.4,41.7109,129.96,27.4964,0.329517,0.0275565,37.8,10.616,763.8,231.362,0.539116,0.0428946,0.525678,0.0469588,0.502794,0.0674858,209,37.6032,157.545,17.958,0.765027,0.0478496,0.421022,0.125706,127.5,38.4261,2.16874,0.132712,23.1279,1.49453,179.2,25.044,0.759589,0.0892735,1,0,0.759589,0.0892735,0.0396111,0.0378571,0.229036,0.0241942,16,2.91548,0.0252766,0.0354141,0.0229348,0.0147485,0.0683385,0.0377948,0.283136,0.0687159,90.4,14.3979,321,9.98499,0.563863,,4,0.707107,0.565579,0.048379,0.635027,0.0125924,0.672952,0.0117766,216.6,24.1516,1095.4,139.195,33.6,11.7813,0.320519,0.0606773,3.30588,1.14434,1.24367,0.192285,0.459113,0.0732109,3.69047,1.35917,1.75087,0.538443,pass,FAIL,pass,pass,pass,pass,pass,FAIL,168,"1e9,1e9,1e9",,14,,,,,,,,,,,,,,,,,,,
async-half-life,6,5,,,100,3,1.58114,60,0,2713.4,278.941,0.955684,0.00527899,0.955684,0.00527899,12.0708,1.88304,76.115,3.93209,11.0089,1.33952,49.1,5.44748,13.8,3.54612,10.5714,1.0933,0.914709,0.0134476,4.44717,0.0749155,50.6,2.70185,0.0443118,0.0341176,0.0443118,0.0341176,0,0,0,0,0.00294779,0.00233024,0.00294779,0.00233024,42,4.24264,0.913223,0.0491483,0.8,0.83666,337.6,47.6686,121.812,17.139,0.157786,0.0190915,inf,,478.4,98.3402,0.694961,0.0277303,0.234649,0.0178402,0.220121,0.0156049,534,115.332,210.741,39.9328,0.653402,0.0365047,0.0427666,0.0647156,inf,,1.10033,0.215332,46.8337,8.99247,128,32.4962,0.850789,0.0225914,1,0,0.850789,0.0225914,0,0,0.125121,0.0188547,36.8,8.40833,0.0411216,0.0223465,0.0249315,0.0150023,0.029798,0.0380953,0.302167,0.0482345,168.2,13.3304,573,12.6016,0.47644,,5.6,0.547723,0.476919,0.0396695,0.599986,0.0166711,0.62804,0.028678,589.6,68.5478,2862,386.095,91,16.4621,0.227859,0.0254043,2.16028,0.954784,1.16284,0.132246,0.503455,0.0610821,0.514977,0.0443627,2.19971,0.241997,pass,pass,pass,pass,pass,FAIL,FAIL,FAIL,6,,,14,,,,,,,,,,,,,,,,,,,
async-half-life,7,5,,,100,3,1.58114,60,0,2713.4,278.941,0.964105,0.0121252,0.964105,0.0121252,144.381,1.00522,165.571,0.474221,143.13,0.742453,49.1,5.44748,13.8,3.54612,10.2286,1.17542,0.980368,0.00655439,4.73671,0.0343138,44.2,3.42053,0.0566443,0.0496951,0.0566443,0.0496951,0,0,0,0,0.00415994,0.00461313,0.00415994,0.00461313,42,4.24264,0.995652,0.00972203,0,0,386,51.0931,139.172,17.3232,0.344685,0.0449779,33.6,9.12688,1475.2,335.947,0.555348,0.0220664,0.530195,0.0214558,0.529526,0.0219934,557.8,93.1246,219.585,31.8028,0.732681,0.023306,0.379791,0.111086,142.289,46.0461,1.9918,0.45518,26.1158,5.61992,208,49.6387,0.884024,0.0329041,1,0,0.884024,0.0329041,0.013754,0.0204692,0.235752,0.0274895,39.4,7.30068,0.0335904,0.0200505,0.0239281,0.00834988,0.0140516,0.0333289,0.416561,0.076524,168.2,13.3304,579,12.9306,0.549223,,3.8,0.447214,0.562663,0.0212626,0.625798,0.0152979,0.686523,0.0119828,518.6,70.3619,2432.6,288.185,74.4,8.01873,0.239396,0.0191659,0.90843,0.295822,1.12724,0.137897,0.507209,0.0789515,17.3262,4.56582,5.79175,0.945787,pass,FAIL,pass,pass,pass,pass,pass,FAIL,168,"1e9,1e9,1e9",,14,,,,,,,,,,,,,,,,,,,
async-half-life,8,5,,,50,3,1.58114,60,0,1466,217.514,0.924189,0.0152145,0.924189,0.0152145,33.5057,10.0457,118.774,15.5521,29.3812,9.89866,27.2,4.25147,7.8,2.48998,6.05,0.900981,0.802947,0.0395638,4.09232,0.121167,49.2,4.76445,0.0519364,0.0195995,0.0519364,0.0195995,0,0,0,0,0.00666917,0.00279028,0.00666917,0.00279028,43.8,2.94958,0.705654,0.0895063,1,0.707107,167.2,40.2703,116.728,27.8108,0.187251,0.041881,92.75,,376.6,148.453,0.586595,0.053237,0.316907,0.0157019,0.280905,0.021451,238,47.6603,181.916,35.1463,0.685566,0.0647871,0.176614,0.10943,245.384,,1.34526,0.219048,38.0749,7.00408,121.6,30.1463,0.787238,0.0507566,0.994872,0.011467,0.790922,0.0429021,0,0,0.162591,0.0332699,17.4,4.87852,0.050466,0.0313648,0.0456283,0.0248465,0.0770542,0.0289433,0.249569,0.101973,90.4,14.3979,317,9.44987,0.501577,,5,1.41421,0.476201,0.046786,0.674048,0.0144268,0.694934,0.0188972,252.6,26.5481,1203.4,191.162,37,7.81025,0.158048,0.0369691,9.6109,3.65075,1.8312,0.226378,0.466735,0.103962,0.433336,0.0311543,1.57853,0.197656,pass,pass,pass,pass,pass,pass,FAIL,FAIL,6,,,30,,,,,,,,,,,,,,,,,,,
async-half-life,9,5,,,50,3,1.58114,60,0,1466,217.514,0.91662,0.0159389,0.91662,0.0159389,145.417,0.958083,167.333,,142.31,0.893711,27.2,4.25147,7.8,2.48998,5.77143,0.896813,0.867358,0.0303185,4.34606,0.079873,50.6,1.67332,0.0825724,0.0236359,0.0825724,0.0236359,0,0,0,0,0.010267,0.00346862,0.010267,0.00346862,43.8,2.94958,0.760538,0.109496,1,1,190,33.9411,132.554,21.8358,0.315861,0.0301152,43.4,7.66812,729,201.458,0.499869,0.0419596,0.482597,0.0393705,0.45169,0.0331871,250.6,69.1397,189.729,48.1562,0.747647,0.0561246,0.293039,0.0456147,174.684,32.7106,1.87788,0.143916,26.7567,2.13708,152,40.398,0.768097,0.0739831,1,0,0.768097,0.0739831,0.0216667,0.0302478,0.231314,0.0372146,15,1.58114,0.0266099,0.0218839,0.0171523,0.00527978,0.0952083,0.0614296,0.271908,0.0792681,90.4,14.3979,324,9.06642,0.521605,,3.8,0.447214,0.54535,0.0406637,0.685583,0.00985604,0.734892,0.0224706,244.4,35.6693,1131.8,171.592,35,7.96869,0.170011,0.0533317,4.0535,0.797075,1.94722,0.323459,0.42848,0.0490749,3.1764,1.15754,1.70589,0.511137,pass,FAIL,pass,FAIL,pass,pass,FAIL,FAIL,168,"1e9,1e9,1e9",,30,,,,,,,,,,,,,,,,,,,
async-half-life,10,5,,,100,3,1.58114,60,0,2713.4,278.941,0.954946,0.00458602,0.954946,0.00458602,13.2832,2.07983,79.7335,4.74205,12.1971,1.68766,49.1,5.44748,13.8,3.54612,10.6893,1.10956,0.90479,0.0118222,4.39155,0.0608075,50.2,1.48324,0.0397934,0.0135224,0.0397934,0.0135224,0,0,0,0,0.00287707,0.000968312,0.00287707,0.000968312,42,4.24264,0.864862,0.054464,0.4,0.894427,324.6,50.063,117.077,17.8226,0.176997,0.0258849,139.25,,531,120.358,0.656346,0.0174381,0.250746,0.0236478,0.234119,0.02118,547.6,158.039,216.082,59.9271,0.647723,0.0372006,0.101177,0.0934015,342.188,,1.12757,0.176172,45.1406,6.44215,132.8,26.8924,0.851234,0.0447633,1,0,0.851234,0.0447633,0,0,0.126513,0.010241,32.4,4.3359,0.0393988,0.0151894,0.031312,0.0157467,0.0599873,0.0409307,0.293659,0.0574871,168.2,13.3304,566,14.7885,0.507067,,5.2,0.83666,0.488287,0.0173686,0.648035,0.0113219,0.684464,0.0219178,606.6,47.0935,2891.6,379.076,98.4,17.0382,0.117207,0.00986288,3.23905,1.44944,1.84232,0.222435,0.515623,0.0486899,0.515132,0.022786,2.42583,0.223507,pass,pass,pass,pass,pass,pass,FAIL,FAIL,6,,,30,,,,,,,,,,,,,,,,,,,
async-half-life,11,5,,,100,3,1.58114,60,0,2713.4,278.941,0.958179,0.00904284,0.958179,0.00904284,144.592,0.774422,165.803,0.322245,143.048,0.647629,49.1,5.44748,13.8,3.54612,10.2964,1.14304,0.966757,0.00826321,4.67487,0.053804,46,4.06202,0.0598012,0.0380907,0.0598012,0.0380907,0,0,0,0,0.00455533,0.00361329,0.00455533,0.00361329,42,4.24264,0.977847,0.0376647,0,0,370.8,56.5968,133.81,20.6931,0.327417,0.0419398,36.4,5.85662,1437.8,362.325,0.533182,0.0142632,0.508083,0.00981647,0.502913,0.0103361,576.4,141.49,225.748,46.6706,0.720254,0.0452763,0.311424,0.0726189,169.375,48.1291,1.83053,0.342711,28.0342,4.8751,200,54.5527,0.871045,0.0184339,1,0,0.871045,0.0184339,0.0460472,0.0115794,0.221454,0.0245155,28.8,2.38747,0.0245506,0.0164026,0.0155802,0.00625101,0.058303,0.0279933,0.378639,0.0706151,168.2,13.3304,592,12.7593,0.557432,,4,0,0.567723,0.0206178,0.670338,0.0137096,0.750054,0.0200698,528.6,54.7156,2529.6,272.103,71.4,6.30872,0.12207,0.0180822,1.66927,0.492631,1.84497,0.191729,0.528144,0.0389493,14.665,4.86018,5.80103,1.32872,pass,FAIL,pass,pass,pass,pass,pass,FAIL,168,"1e9,1e9,1e9",,30,,,,,,,,,,,,,,,,,,,
async-half-life,12,5,,,50,3,1.58114,60,0,1466,217.514,0.919166,0.0171419,0.919166,0.0171419,37.0276,8.66824,128.911,21.3385,32.2111,9.19009,27.2,4.25147,7.8,2.48998,6.09286,1.01906,0.78637,0.0282729,4.04666,0.119487,51.4,3.50714,0.0667309,0.0548816,0.0667309,0.0548816,0,0,0,0,0.00921231,0.00867694,0.00921231,0.00867694,43.8,2.94958,0.665836,0.0914094,1.8,0.83666,157,36.3593,109.4,23.9657,0.202649,0.0400139,78.25,,400.8,140.234,0.548163,0.0566806,0.33417,0.039699,0.305854,0.0407627,256.2,51.3975,194.795,36.8983,0.670585,0.0895275,0.142782,0.133932,248.531,,1.41277,0.195084,35.9632,5.21158,131.2,27.4809,0.770864,0.0501211,1,0,0.770864,0.0501211,0.00980556,0.0219259,0.15291,0.0286379,16,2.34521,0.0817479,0.0737334,0.0525426,0.0317772,0.103618,0.0225698,0.230193,0.0904801,90.4,14.3979,315,9,0.47619,,5.4,0.894427,0.462374,0.0500127,0.684294,0.0189534,0.737276,0.00806784,250,16.171,1211.4,188.298,39,4.30116,0.118716,0.0209748,11.6442,2.97728,2.90738,0.291644,0.43135,0.0881328,0.43689,0.0448996,1.70384,0.308398,pass,pass,pass,pass,pass,FAIL,FAIL,FAIL,6,,,60,,,,,,,,,,,,,,,,,,,
async-half-life,13,5,,,50,3,1.58114,60,0,1466,217.514,0.912553,0.01846,0.912553,0.01846,145.703,0.948451,167.238,,142.556,0.828711,27.2,4.25147,7.8,2.48998,5.86429,0.950597,0.84552,0.038394,4.26473,0.109779,51.2,2.77489,0.0751822,0.0615134,0.0751822,0.0615134,0,0,0,0,0.00923327,0.00781894,0.00923327,0.00781894,43.8,2.94958,0.770959,0.151747,1.6,1.14018,179.8,35.9819,125.348,24.1293,0.330652,0.0275729,37.8,3.83406,754.6,229.302,0.471825,0.0465378,0.460312,0.0576246,0.424369,0.0550408,249.6,59.5466,189.425,42.1256,0.733431,0.0547159,0.330618,0.111653,164.583,52.312,1.86895,0.173726,26.953,2.69405,153.6,42.1046,0.766224,0.0835228,1,0,0.766224,0.0835228,0.0134091,0.0275131,0.222686,0.0250853,15,2,0.0359586,0.0318986,0.0311639,0.00502852,0.0962239,0.0229403,0.269719,0.0990072,90.4,14.3979,323,9.93982,0.517028,,4.6,1.14018,0.541531,0.0451222,0.709915,0.0074661,0.793384,0.0204388,243.4,38.7208,1143,177.682,29.4,9.07193,0.0915197,0.0543018,4.2995,2.00772,3.08876,0.477486,0.469361,0.052895,3.19099,1.25467,1.79247,0.546184,pass,FAIL,pass,pass,pass,pass,FAIL,FAIL,168,"1e9,1e9,1e9",,60,,,,,,,,,,,,,,,,,,,
async-half-life,14,5,,,100,3,1.58114,60,0,2713.4,278.941,0.954486,0.00857664,0.954486,0.00857664,14.441,2.54046,82.8874,5.41674,13.167,2.30992,49.1,5.44748,13.8,3.54612,10.8036,1.13698,0.893272,0.018084,4.34464,0.0875218,52.8,2.86356,0.0222587,0.020362,0.0222587,0.020362,0,0,0,0,0.00155472,0.00141965,0.00155472,0.00141965,42,4.24264,0.873989,0.0717717,0.2,0.447214,310.8,50.052,112.208,18.6566,0.159138,0.0396705,inf,,558.2,120.296,0.598927,0.0282867,0.246249,0.0161839,0.230707,0.0118431,553.4,148.626,218.62,57.6277,0.650607,0.0468228,0.0364821,0.0815764,inf,,1.10753,0.156353,45.8468,6.24674,145.6,56.9631,0.854648,0.048678,1,0,0.854648,0.048678,0,0,0.122136,0.0136103,28,2.12132,0.0318533,0.0148473,0.0328158,0.00921966,0.0438828,0.0254151,0.293018,0.0621537,168.2,13.3304,577,13.1833,0.519931,,4.8,0.447214,0.495572,0.0221009,0.675447,0.0111056,0.716703,0.0132582,620.6,48.6086,2917.8,359.454,92.6,16.6523,0.0491883,0.0103765,4.51531,0.902144,3.18776,0.326885,0.503662,0.0340867,0.547421,0.0424258,2.66696,0.246186,pass,pass,pass,pass,pass,pass,FAIL,FAIL,6,,,60,,,,,,,,,,,,,,,,,,,
async-half-life,15,5,,,100,3,1.58114,60,0,2713.4,278.941,0.957059,0.00930282,0.957059,0.00930282,144.589,0.925391,165.813,0.405655,143.055,0.729603,49.1,5.44748,13.8,3.54612,10.2964,1.11608,0.961396,0.00988375,4.66205,0.0521723,47,3.53553,0.105512,0.0289284,0.105512,0.0289284,0,0,0,0,0.00691385,0.00231228,0.00691385,0.00231228,42,4.24264,0.89109,0.0798479,1,1.22474,367.4,47.2419,132.521,16.5764,0.33389,0.0417449,37.8,7.98123,1409,236.186,0.51365,0.0239636,0.495171,0.0239694,0.486663,0.0220528,597,125.052,234.358,43.2654,0.71784,0.0364787,0.266683,0.0438842,191.559,31.0111,1.74444,0.202327,28.9724,3.34807,192,61.4492,0.87352,0.0445232,1,0,0.87352,0.0445232,0.0192222,0.026706,0.212216,0.0227188,29,2.54951,0.0242303,0.0146841,0.0246867,0.00887434,0.0428555,0.0414882,0.374253,0.0908039,168.2,13.3304,574,13.755,0.512195,,4.6,0.547723,0.542724,0.0323312,0.696469,0.0120088,0.784417,0.00677884,529,66.4267,2586.2,315.108,79.6,12.1367,0.0524462,0.0111495,2.73004,1.16437,3.19712,0.367288,0.529012,0.0779231,14.2519,4.27634,6.04132,1.23978,pass,FAIL,pass,pass,pass,pass,FAIL,FAIL,168,"1e9,1e9,1e9",,60,,,,,,,,,,,,,,,,,,,
async-half-life,16,5,,,50,3,1.58114,60,0,1466,217.514,0.917608,0.015216,0.917608,0.015216,37.4961,8.7684,125.891,,32.2827,9.58996,27.2,4.25147,7.8,2.48998,6.10357,0.98485,0.784881,0.0346461,4.0282,0.121703,51.6,2.30217,0.0902298,0.0432206,0.0902298,0.0432206,0,0,0,0,0.0119474,0.00669038,0.0119474,0.00669038,43.8,2.94958,0.652564,0.0749742,2.4,0.894427,153,31.6149,106.524,20.0141,0.194136,0.0348194,88.25,,399.6,137.66,0.543886,0.0516189,0.342091,0.0393626,0.307753,0.0374402,263.4,69.3419,200.677,49.9491,0.663912,0.0685761,0.169567,0.105021,272.098,,1.4272,0.323109,36.5535,8.65043,142.4,32.6925,0.765847,0.0548554,0.994595,0.0120869,0.76957,0.0467752,0.0025,0.00559017,0.152609,0.0285244,15.8,1.30384,0.0623433,0.0187194,0.0566565,0.0108326,0.00922491,0.0380247,0.230743,0.0939213,90.4,14.3979,321,8.228,0.47352,,5.4,1.14018,0.459115,0.060901,0.692608,0.0180915,0.738487,0.025579,255.8,18.0472,1209.6,189.344,39.2,3.70135,0.0964551,0.0256747,11.5138,2.72062,4.09589,0.343969,0.4548,0.0992825,0.434699,0.0304693,1.73142,0.280465,pass,pass,pass,FAIL,pass,FAIL,FAIL,FAIL,6,,,90,,,,,,,,,,,,,,,,,,,
async-half-life,17,5,,,50,3,1.58114,60,0,1466,217.514,0.912782,0.0190444,0.912782,0.0190444,145.729,1.0063,167.281,,142.56,0.999158,27.2,4.25147,7.8,2.48998,5.88214,0.959362,0.838661,0.0433074,4.25372,0.109161,51.2,2.77489,0.0540805,0.0338578,0.0540805,0.0338578,0,0,0,0,0.00771326,0.00550079,0.00771326,0.00550079,43.8,2.94958,0.773188,0.137806,1.4,1.34164,173.8,37.9038,120.707,23.0839,0.315837,0.0423393,37.8,6.26099,755,235.096,0.47578,0.0525099,0.465794,0.0579932,0.435028,0.0520326,279.2,73.6729,212.256,53.6767,0.749068,0.073062,0.330758,0.0944557,162.802,52.5359,1.87807,0.294665,27.1183,3.96831,168,38.7814,0.763504,0.0858924,1,0,0.763504,0.0858924,0.0202222,0.0276932,0.212327,0.0267361,14.8,1.64317,0.0394271,0.0165511,0.0317573,0.00544924,0.0555088,0.0358565,0.266755,0.102068,90.4,14.3979,326,11.4761,0.518405,,4.6,1.34164,0.542769,0.0533206,0.715721,0.011866,0.786086,0.0314899,242,33.1738,1150.8,185.107,32.2,5.54076,0.073228,0.046144,4.34446,1.34136,4.24283,0.438833,0.462093,0.0687208,3.19043,1.23991,1.80926,0.540015,pass,FAIL,pass,pass,pass,pass,FAIL,FAIL,168,"1e9,1e9,1e9",,90,,,,,,,,,,,,,,,,,,,
async-half-life,18,5,,,100,3,1.58114,60,0,2713.4,278.941,0.95502,0.00512559,0.95502,0.00512559,14.3852,2.46337,83.4182,5.99747,13.1599,2.30319,49.1,5.44748,13.8,3.54612,10.7893,1.10796,0.894477,0.019301,4.34993,0.0844609,51.8,3.56371,0.0424667,0.0260576,0.0424667,0.0260576,0,0,0,0,0.00288168,0.00181518,0.00288168,0.00181518,42,4.24264,0.84666,0.115957,1.2,0.447214,314,58.2538,113.295,21.2585,0.168855,0.0199229,inf,,584.4,130.249,0.591164,0.0248849,0.248541,0.0188446,0.235398,0.0147419,577.8,129.338,228.475,49.238,0.657973,0.049431,0.03584,0.0801407,inf,,1.16,0.139313,43.5929,5.10558,147.2,55.8856,0.850628,0.0362785,1,0,0.850628,0.0362785,0,0,0.119558,0.0253328,27,1.87083,0.0296722,0.0124147,0.0353113,0.00986467,0.0130412,0.0329633,0.296865,0.0652964,168.2,13.3304,572,14.0996,0.519231,,5.2,1.30384,0.495316,0.0217245,0.681009,0.0124592,0.721574,0.0182054,617,56.4225,2907.6,359.389,98.8,16.3003,0.0325537,0.00919294,4.78936,1.74629,4.56236,0.25311,0.507353,0.0267981,0.531318,0.0336395,2.61644,0.227941,pass,pass,pass,pass,pass,pass,FAIL,FAIL,6,,,90,,,,,,,,,,,,,,,,,,,
async-half-life,19,5,,,100,3,1.58114,60,0,2713.4,278.941,0.957709,0.00818023,0.957709,0.00818023,144.579,0.88178,165.775,0.341168,143.07,0.78327,49.1,5.44748,13.8,3.54612,10.3393,1.12003,0.955252,0.00945584,4.64542,0.0655045,47.6,3.28634,0.0918054,0.0299177,0.0918054,0.0299177,0,0,0,0,0.00628885,0.00220646,0.00628885,0.00220646,42,4.24264,0.882474,0.109281,1,1.22474,375.2,42.4347,135.311,14.3023,0.330076,0.0391825,39.2,10.616,1419.4,235.389,0.512485,0.0294085,0.493016,0.0313879,0.483003,0.0302955,610.2,136.933,239.468,48.5822,0.724275,0.0251066,0.26814,0.0687209,196.875,52.1042,1.74664,0.354843,29.4707,5.27396,185.6,57.5222,0.900687,0.0393677,1,0,0.900687,0.0393677,0.03,0.0280129,0.213174,0.0278536,27.4,2.60768,0.0163935,0.00891759,0.0258042,0.00558211,0.0231414,0.0404951,0.392658,0.0805572,168.2,13.3304,587,12.0955,0.516184,,4.4,0.547723,0.54381,0.0271915,0.704422,0.00829338,0.792181,0.0139484,538.4,67.8476,2601.4,313.096,78.8,12.8141,0.0264431,0.00674916,2.69867,0.891017,4.5154,0.35716,0.527645,0.0777302,14.6461,3.56423,6.30078,1.11999,pass,FAIL,pass,pass,pass,pass,FAIL,FAIL,168,"1e9,1e9,1e9",,90,,,,,,,,,,,,,,,,,,,
async-matcher-validation,0,5,,,50,3,1.58114,26,0,534,55.5653,0.916807,0.0231293,0.916807,0.0231293,33.3847,6.73057,117.181,,27.6377,5.60702,25.3,2.33452,7.4,2.38223,5.5,0.661828,0.819553,0.0262548,4.13841,0.170795,20.2,2.16795,0.0576659,0.0596592,0.0576659,0.0596592,0,0,0,0,0.00855756,0.00984368,0.00855756,0.00984368,16.6,2.19089,0.627102,0.147221,0.4,0.894427,65.4,16.8315,73.7846,19.6421,0.180006,0.0766328,inf,,103.2,46.1758,0.620922,0.0501169,0.360209,0.0561092,0.33173,0.0593627,74.2,15.9906,93.8759,19.3449,0.646627,0.0855618,0.165283,0.227314,inf,,1.91098,0.242127,26.4645,2.96649,84.8,18.4174,0.74497,0.0721889,0.989356,0.0238013,0.75284,0.0680892,0,0,0.149369,0.0418472,13,4.52769,0.0469951,0.0499637,0.0499778,0.040942,0.010797,0.0614999,0.309902,0.151909,35.6,4.61519,98,4.77493,0.5,,6,,0.467136,0.0487546,0.689939,0.0205387,0.735133,0.0275806,96,18.8149,461.4,77.6968,14.4,1.14018,0.0872708,0.0274519,9.61381,3.19766,2.23656,0.255023,0.323612,0.061173,0.327212,0.0128116,0.457371,0.0388851,pass,pass,pass,pass,pass,FAIL,FAIL,FAIL,6,,,,heuristic,,,,,,,,,,,,,,,,,,
async-matcher-validation,1,5,,,50,3,1.58114,26,0,534,55.5653,0.909477,0.0175109,0.909477,0.0175109,146.051,1.53219,167.487,,142.376,1.47585,25.3,2.33452,7.4,2.38223,5.38182,0.64651,0.883213,0.034642,4.43192,0.155783,20.6,1.51658,0.0597175,0.0675209,0.0597175,0.0675209,0,0,0,0,0.00803878,0.0096688,0.00803878,0.0096688,16.6,2.19089,0.719552,0.210756,0.2,0.447214,77,14.089,86.7504,15.973,0.340316,0.0208754,42,20.4083,212.6,57.3263,0.548852,0.0601042,0.540983,0.0681958,0.518123,0.0879956,79.2,11.4324,99.1035,14.5719,0.718108,0.0861523,0.571737,0.132772,90.6048,17.1072,2.88397,0.243288,17.4288,1.35938,105.6,19.9198,0.723298,0.0658767,1,0,0.723298,0.0658767,0.009,0.0201246,0.224028,0.0221582,10,2,0.0147699,0.0135251,0.0185726,0.00955937,0.0194585,0.0585119,0.338865,0.105805,35.6,4.61519,95,4,0.631579,,4,,0.598306,0.066961,0.705522,0.00721771,0.762349,0.0165436,86.6,17.9805,431.6,40.6116,11.4,5.77062,0.0720228,0.0602474,2.9622,1.23923,2.32356,0.186762,0.301573,0.0482181,3.04623,1.73826,0.62828,0.238741,pass,FAIL,pass,pass,pass,pass,pass,FAIL,168,"1e9,1e9,1e9",,,heuristic,,,,,,,,,,,,,,,,,,
async-matcher-validation,2,5,,,50,3,1.58114,26,0,534,55.5653,0.916366,0.0211697,0.916366,0.0211697,32.8599,5.84468,121.645,,26.7626,5.10341,25.3,2.33452,7.4,2.38223,5.49091,0.666029,0.813013,0.0340232,4.15393,0.178553,21.2,2.04939,0.0471396,0.0311499,0.0471396,0.0311499,0,0,0,0,0.00664383,0.0048508,0.00664383,0.0048508,16.6,2.19089,0.640915,0.144959,0.6,0.547723,60.6,10.9909,68.3166,12.7753,0.25687,0.045818,91,,97.2,24.6617,0.621719,0.053702,0.377493,0.0584448,0.360602,0.0587112,85,21.0832,107.584,27.3322,0.659236,0.116229,0.315574,0.188085,141.779,,2.14705,0.126652,23.3505,1.3295,80,16.9706,0.769309,0.0814676,0.984615,0.034401,0.781366,0.0773259,0.0025,0.00559017,0.14246,0.0187623,11.4,4.39318,0.0142448,0.0154775,0.0345644,0.0314761,0.00426421,0.0672899,0.283287,0.101805,35.6,4.61519,85,3.937,0.482353,,inf,,0.474065,0.0410403,0.695988,0.0261943,0.758884,0.0273565,95.8,18.7936,467.8,71.7858,15.2,2.04939,0.0738358,0.024195,8.57393,2.34266,2.22865,0.418739,0.328026,0.0692486,2.88183,0.183805,2.49799,0.441711,pass,pass,pass,pass,pass,FAIL,FAIL,FAIL,6,,,,hybrid,,,,,,,,,,,,,,,,,,
async-matcher-validation,3,5,,,50,3,1.58114,26,0,534,55.5653,0.910114,0.0210258,0.910114,0.0210258,145.915,1.02761,167.584,,142.474,1.30298,25.3,2.33452,7.4,2.38223,5.39091,0.67159,0.879977,0.0267895,4.4239,0.0730184,20.6,1.51658,0.0759627,0.0735152,0.0759627,0.0735152,0,0,0,0,0.0117906,0.0114182,0.0117906,0.0114182,16.6,2.19089,0.704406,0.209843,0.8,1.30384,68,8.7178,76.7617,11.2212,0.339194,0.0892648,35,,184,48.903,0.561203,0.0530118,0.539155,0.0597458,0.51902,0.0783882,91.4,12.5419,114.961,14.1798,0.733284,0.0641702,0.53507,0.328375,87.5,,2.61007,0.421746,19.5905,3.39953,104,23.3238,0.736078,0.107254,1,0,0.736078,0.107254,0.008,0.0178885,0.211292,0.0158226,10.8,2.28035,0.012784,0.0181441,0.0209462,0.0106335,0.0162156,0.0866339,0.342829,0.0851713,35.6,4.61519,93,2.70185,0.569892,,6,,0.570667,0.0480147,0.712621,0.0326955,0.781334,0.0157091,87.4,22.0975,427.6,47.7734,15,5.14782,0.111694,0.0694068,4.95127,1.73766,2.37222,0.220261,0.294581,0.0563478,379.318,387.503,62.2771,58.585,pass,FAIL,pass,FAIL,pass,pass,pass,FAIL,168,"1e9,1e9,1e9",,,hybrid,,,,,,,,,,,,,,,,,,
async-more-weight,0,5,,,,3,1.58114,26,0,1068,83.1475,0.956273,0.00717447,0.956273,0.00717447,20.0217,0.780279,88.122,3.33991,19.3581,0.619628,49.3,3.81772,13.8,5.10637,10.5091,0.918362,0.920801,0.00726089,4.49766,0.119287,19.8,1.48324,0,0,0,0,0,0,0,0,0,0,0,0,15.6,1.67332,0.962103,0.0350495,0,0,138.8,18.7003,80.8763,9.60479,0.201867,0.0589463,inf,,187.4,36.8551,0.633147,0.0490874,0.309562,0.0211855,0.288873,0.0200572,190.8,50.017,122.697,30.7825,0.595762,0.0390593,0,0,inf,,1.86058,0.309592,27.5531,5.15241,94.4,13.1453,0.856288,0.0213665,1,0,0.856288,0.0213665,0,0,0.122811,0.0260859,17.4,2.19089,0.0165795,0.0134671,0.0145171,0.00665077,0.0341561,0.0359461,0.286485,0.133441,62.4,4.3359,174,3.89872,0.528736,,6,,0.527222,0.0689884,0.667148,0.0161865,0.704872,0.0245857,257,28.098,1205.4,99.0798,38.2,7.66159,0.0500414,0.00838217,2.65962,1.52109,2.67795,0.172946,0.364316,0.113685,2.10831,0.29132,1.13917,0.139728,pass,pass,pass,pass,pass,pass,FAIL,FAIL,24,,,,,30,,,,,,,,,,,,,,,,,
async-more-weight,1,5,,,,3,1.58114,26,0,1068,83.1475,0.965839,0.00844565,0.965839,0.00844565,144.621,0.646463,165.389,0.483812,143.183,0.780553,49.3,3.81772,13.8,5.10637,10.7273,0.891303,0.96868,0.0101058,4.65645,0.0611356,16.8,2.04939,0.0315789,0.0470751,0.0315789,0.0470751,0,0,0,0,0.00274449,0.00435378,0.00274449,0.00435378,15.6,1.67332,0.9875,0.0279508,0,0,154.4,21.4546,89.9674,11.137,0.369415,0.0621117,33.6,10.3827,432.2,82.9922,0.569317,0.0277733,0.544194,0.023349,0.542065,0.0242303,196.4,45.7417,125.16,26.1336,0.681242,0.0154031,0.600392,0.130862,86.1719,16.6912,2.77234,0.177915,18.0908,1.08003,110.4,17.3436,0.89408,0.0585802,1,0,0.89408,0.0585802,0.00642857,0.0143747,0.227712,0.0185783,19.2,2.38747,0.0139554,0.0161718,0.0123099,0.00462382,0.0120883,0.0241123,0.330916,0.152388,62.4,4.3359,170,5.33854,0.535294,,5,,0.554365,0.039967,0.682903,0.0161007,0.763514,0.0268772,219.6,36.1912,1074,133.148,31.6,5.89915,0.0553097,0.0165194,2.37818,0.776652,2.68758,0.299064,0.384378,0.0572332,16.3916,3.35031,2.60139,0.33807,pass,FAIL,pass,pass,pass,pass,pass,FAIL,168,"1e9,1e9,1e9",,,,30,,,,,,,,,,,,,,,,,
async-more-weight,2,5,,,,3,1.58114,26,0,1068,83.1475,0.953563,0.00561159,0.953563,0.00561159,20.0731,0.912601,87.6295,5.15355,19.3448,0.766331,49.3,3.81772,13.8,5.10637,10.4727,0.837894,0.922669,0.0106789,4.49631,0.0899097,20.6,1.14018,0.00952381,0.0212959,0.00952381,0.0212959,0,0,0,0,0.000728597,0.00162919,0.000728597,0.00162919,15.6,1.67332,0.940278,0.059252,0,0,141.6,26.1017,82.4509,13.7414,0.2027,0.054725,inf,,200.6,55.5455,0.655934,0.0317153,0.31522,0.0548972,0.3072,0.055638,184.4,23.1041,118.567,13.0343,0.598619,0.0285011,0.035,0.0782624,inf,,1.76239,0.27942,28.9071,4.27507,99.2,19.2666,0.857802,0.0208842,1,0,0.857802,0.0208842,0,0,0.137368,0.0252084,18.8,2.04939,0.0184299,0.0160508,0.0157463,0.00718083,0.00868511,0.0397573,0.300987,0.0986031,62.4,4.3359,171,5.01996,0.450292,,6,,0.517972,0.0412467,0.658813,0.0139392,0.725778,0.0187337,262.8,31.8465,1229.2,113.326,40.2,7.66159,0.0474278,0.0164019,3.40091,1.99794,2.70484,0.264268,0.384257,0.0577002,2.07073,0.523281,1.13246,0.206694,pass,pass,pass,pass,pass,FAIL,FAIL,FAIL,24,,,,,60,,,,,,,,,,,,,,,,,
async-more-weight,3,5,,,,3,1.58114,26,0,1068,83.1475,0.959918,0.0111471,0.959918,0.0111471,144.663,0.650923,165.606,0.485373,143.126,0.748422,49.3,3.81772,13.8,5.10637,10.5545,0.983017,0.97172,0.00788013,4.71071,0.0928528,17.2,2.77489,0.084386,0.0802389,0.084386,0.0802389,0,0,0,0,0.00664879,0.00634343,0.00664879,0.00634343,15.6,1.67332,1,0,0,0,157.2,23.6791,91.5668,12.1884,0.357793,0.0560041,33.6,5.85662,431.6,75.9296,0.601444,0.0267987,0.572096,0.0349501,0.568876,0.0312815,193,32.9469,123.357,18.8873,0.691607,0.0455588,0.641279,0.0641027,78.6073,8.01668,2.99088,0.299721,16.8383,1.50795,115.2,18.4174,0.873359,0.0599658,1,0,0.873359,0.0599658,0.0338333,0.0325085,0.215823,0.0336162,20.8,1.64317,0.0141819,0.00960608,0.0153584,0.00342198,0.0239356,0.0549198,0.345863,0.120017,62.4,4.3359,172,4.44972,0.593023,,6.6,2.07364,0.585652,0.0284495,0.685938,0.0159767,0.785063,0.0289878,226.2,25.4696,1078.2,114.69,28.8,4.26615,0.0338822,0.00775714,1.83756,1.22628,2.64001,0.221082,0.384482,0.0398185,16.6942,4.90167,2.72348,0.55901,pass,FAIL,pass,pass,pass,pass,pass,FAIL,168,"1e9,1e9,1e9",,,,60,,,,,,,,,,,,,,,,,
async-more-weight,4,5,,,,3,1.58114,26,0,1068,83.1475,0.951724,0.0061826,0.951724,0.0061826,20.2063,0.967535,87.5224,5.75603,19.5058,0.902348,49.3,3.81772,13.8,5.10637,10.5636,1.00134,0.920116,0.0196179,4.45557,0.101383,21.4,1.14018,0.0286957,0.0440828,0.0286957,0.0440828,0,0,0,0,0.00199015,0.00279877,0.00199015,0.00279877,15.6,1.67332,0.936706,0.0400799,0.2,0.447214,136.4,22.6892,79.4563,12.0157,0.20818,0.0398041,inf,,182.8,44.4657,0.619634,0.0193581,0.286878,0.0440695,0.278603,0.0457063,186,29.2916,119.613,18.6451,0.602493,0.041115,0.0643678,0.143931,inf,,1.86445,0.398202,27.7846,5.72103,91.2,25.044,0.837388,0.051364,1,0,0.837388,0.051364,0.00571429,0.0127775,0.13759,0.0226716,18.8,4.08656,0.011954,0.011208,0.0205128,0.00308316,0.0220405,0.0296643,0.284335,0.0956438,62.4,4.3359,173,3.04959,0.554913,,6,,0.530723,0.0671442,0.659398,0.0201391,0.716556,0.0191229,260.2,32.453,1187.2,90.8086,38,3.31662,0.0475892,0.0142217,3.16995,1.91749,2.63437,0.295908,0.371548,0.0839315,2.17109,0.405195,1.18766,0.193714,pass,pass,pass,pass,pass,pass,FAIL,FAIL,24,,,,,120,,,,,,,,,,,,,,,,,
async-more-weight,5,5,,,,3,1.58114,26,0,1068,83.1475,0.962461,0.0119317,0.962461,0.0119317,144.505,0.93353,165.605,0.559982,143.043,0.604519,49.3,3.81772,13.8,5.10637,10.6182,0.962413,0.970351,0.00932456,4.69234,0.0912396,17.4,3.04959,0.0833695,0.0569499,0.0833695,0.0569499,0,0,0,0,0.00540988,0.00349921,0.00540988,0.00349921,15.6,1.67332,1,0,0,0,159,22.5389,92.6286,11.6543,0.388925,0.0622934,32.2,14.5155,447,94.1674,0.575856,0.0419127,0.549214,0.0395377,0.547955,0.0412127,198.4,33.441,126.763,18.6422,0.69957,0.0389648,0.591062,0.120905,87.1549,15.7506,2.87124,0.402173,17.7137,2.68713,113.6,23.5966,0.872978,0.0453268,1,0,0.872978,0.0453268,0.0558095,0.0162818,0.239138,0.0350841,19.6,2.30217,0.00783343,0.0113712,0.012231,0.00317486,-0.000858518,0.046448,0.347614,0.154094,62.4,4.3359,182,4.27785,0.60989,,5.2,0.83666,0.582674,0.0254025,0.677358,0.0208875,0.791728,0.0113222,212.4,30.1712,1059.8,117.734,32.2,5.4037,0.0649319,0.0156704,2.05867,1.37971,2.62543,0.274405,0.357341,0.0856786,16.8146,5.72636,2.57856,0.331506,pass,FAIL,pass,pass,pass,pass,pass,FAIL,168,"1e9,1e9,1e9",,,,120,,,,,,,,,,,,,,,,,
async-more-weight,6,5,,,,3,1.58114,26,0,1068,83.1475,0.954215,0.00733302,0.954215,0.00733302,19.9784,0.543994,85.9886,7.04517,19.2478,0.349067,49.3,3.81772,13.8,5.10637,10.4455,0.966056,0.926427,0.0124412,4.51626,0.0781715,21.6,0.547723,0.0190476,0.0425918,0.0190476,0.0425918,0,0,0,0,0.00119641,0.00267526,0.00119641,0.00267526,15.6,1.67332,0.939881,0.0684006,0.2,0.447214,140.6,15.7575,82.0096,8.73432,0.232826,0.0421634,inf,,207.6,42.0333,0.654326,0.0266861,0.2989,0.0143443,0.285296,0.0183166,191.6,42.0155,122.979,24.3679,0.600255,0.0443109,0.164915,0.230075,inf,,1.71688,0.163958,29.3373,2.81607,86.4,18.2428,0.841685,0.0445402,1,0,0.841685,0.0445402,0,0,0.141052,0.0264717,18,2.34521,0.00826756,0.00854351,0.0166125,0.00580612,-0.0131331,0.0425905,0.278425,0.118582,62.4,4.3359,172,2.60768,0.55814,,inf,,0.533233,0.0530895,0.664886,0.0157893,0.723654,0.0204199,256.2,38.1929,1216.4,93.7779,34.8,3.49285,0.0495962,0.0150721,2.8078,1.56804,2.65431,0.194719,0.387473,0.0781419,2.17439,0.914743,1.12727,0.308892,pass,pass,pass,pass,pass,pass,FAIL,FAIL,24,,,,,240,,,,,,,,,,,,,,,,,
async-more-weight,7,5,,,,3,1.58114,26,0,1068,83.1475,0.965151,0.00679283,0.965151,0.00679283,144.498,0.832835,165.381,0.476618,143.164,0.698614,49.3,3.81772,13.8,5.10637,10.6545,0.922962,0.973702,0.00862144,4.68632,0.0554242,18,2.54951,0.0495425,0.0548911,0.0495425,0.0548911,0,0,0,0,0.00278775,0.00265436,0.00278775,0.00265436,15.6,1.67332,0.975,0.0559017,0.2,0.447214,158.8,27.4536,92.4491,14.1977,0.378246,0.0388682,30.8,6.26099,450.8,90.0039,0.601887,0.0224689,0.568369,0.0216737,0.561986,0.0231489,204,20.6882,130.253,9.75,0.698669,0.0348322,0.648687,0.196215,83.75,28.1597,2.91807,0.336498,17.3075,1.87919,118.4,15.3883,0.871859,0.0500895,1,0,0.871859,0.0500895,0.0366667,0.0344147,0.247281,0.0258705,21,3.937,0.010878,0.0108111,0.0163819,0.00842592,0.0290846,0.0753865,0.30954,0.0708787,62.4,4.3359,172,5.31977,0.540698,,5.2,1.09545,0.610393,0.0556851,0.687151,0.0207293,0.787984,0.027449,220.4,17.5727,1032.6,96.2045,40.2,7.72658,0.0522896,0.0218665,1.88594,1.15013,2.65132,0.201393,0.365277,0.068075,16.1886,4.36009,2.55256,0.434105,pass,FAIL,pass,pass,pass,pass,pass,FAIL,168,"1e9,1e9,1e9",,,,240,,,,,,,,,,,,,,,,,
async-more-weight,8,5,,,,3,1.58114,26,0,1068,83.1475,0.953608,0.00428935,0.953608,0.00428935,20.0075,0.496489,87.6626,5.70909,19.1851,0.372095,49.3,3.81772,13.8,5.10637,10.4545,0.824471,0.926738,0.0136198,4.50152,0.0776308,21,0.707107,0.0181818,0.0406558,0.0181818,0.0406558,0,0,0,0,0.0010929,0.00244379,0.0010929,0.00244379,15.6,1.67332,0.937103,0.0445524,0.2,0.447214,134.8,17.6692,78.5934,9.66157,0.234814,0.0521318,inf,,183.8,31.9953,0.680637,0.0544103,0.311271,0.0400881,0.301176,0.0398048,188.4,28.413,121.232,17.6643,0.615991,0.0396385,0.162577,0.224548,inf,,1.80416,0.293232,28.2242,3.94365,88,14.9666,0.855609,0.0189817,1,0,0.855609,0.0189817,0,0,0.149038,0.0207327,18.6,3.04959,0.0144819,0.0145367,0.0174066,0.00711446,0.0319009,0.0461167,0.272461,0.0853252,62.4,4.3359,172,4.39318,0.587209,,5,1,0.524152,0.0567954,0.662726,0.0157008,0.739931,0.0254418,267.8,28.1816,1184.8,107.027,40.4,4.82701,0.0512681,0.0181314,3.46958,1.64716,2.6465,0.232649,0.387052,0.0892051,2.14431,0.461261,1.13961,0.178263,pass,pass,pass,pass,pass,pass,FAIL,FAIL,24,,,,,480,,,,,,,,,,,,,,,,,
async-more-weight,9,5,,,,3,1.58114,26,0,1068,83.1475,0.97002,0.00958981,0.97002,0.00958981,144.32,0.596053,165.22,0.68132,143.091,0.659798,49.3,3.81772,13.8,5.10637,10.7455,0.919598,0.964964,0.0152627,4.66963,0.0563189,15.4,3.1305,0.0117647,0.0263067,0.0117647,0.0263067,0,0,0,0,0.000728597,0.00162919,0.000728597,0.00162919,15.6,1.67332,1,0,0,0,158.4,16.4256,92.3337,8.27505,0.39318,0.039722,32.2,7.98123,451.8,103.763,0.574286,0.0406772,0.539181,0.0490979,0.534922,0.0519044,203.2,23.5096,129.879,11.8901,0.711423,0.0227738,0.654885,0.232006,82.6692,22.6967,2.76825,0.355102,18.3088,2.41992,112,9.79796,0.896934,0.0624964,1,0,0.896934,0.0624964,0.0558333,0.0130437,0.249713,0.0400686,20.8,3.96232,0.00706522,0.0157983,0.0158494,0.00663406,0.0127868,0.0312802,0.284384,0.124672,62.4,4.3359,175,6.20484,0.571429,,5.4,1.14018,0.572137,0.028765,0.692367,0.016716,0.80073,0.014477,203.6,8.44393,1068.4,84.3671,31.6,5.89915,0.0507702,0.0151969,3.3065,1.45905,2.59901,0.170504,0.365038,0.0254631,18.31,5.57508,2.89693,0.516077,pass,FAIL,pass,pass,pass,pass,pass,FAIL,168,"1e9,1e9,1e9",,,,480,,,,,,,,,,,,,,,,,
async-newcomer,0,10,,,,5.5,3.02765,26,0,1163.3,105.729,0.961357,0.00578982,0.961357,0.00578982,10.1634,1.26267,69.9002,7.02835,9.4903,1.1612,53.5,5.30723,14.4,2.41293,11.4182,1.06876,0.930832,0.0100818,4.52654,0.0717032,19.5,2.12132,0.0108187,0.0228183,0.0108187,0.0228183,0,0,0,0,0.000563324,0.00121027,0.000563324,0.00121027,16.6,1.77639,0.965611,0.0406393,0.1,0.316228,135.9,12.2061,53.4504,5.64069,0.144845,0.0316483,inf,,82.8,14.0697,0.755014,0.0522458,0.22977,0.0366185,0.218841,0.029514,158.6,28.2575,72.6388,14.1183,0.459426,0.0349706,0,0,inf,,1.16618,0.158614,43.6218,6.12764,69.6,14.1358,0.850655,0.0235007,1,0,0.850655,0.0235007,0,0,0.0715619,0.0122156,27.1,4.7481,0.0253365,0.0159549,0.0275116,0.0116764,-0.00549486,0.0316922,0.238071,0.0358407,137.4,15.7494,704,11.6924,0.539773,,inf,,0.507074,0.0437789,0.637428,0.0146681,0.679864,0.0174865,269.5,41.1994,1273.1,164.42,40.2,7.59825,0.0218375,0.0118923,2.30964,1.1449,2.14207,0.204006,0.310512,0.0455451,0.518876,0.0738263,0.915836,0.0945159,pass,pass,pass,pass,pass,pass,FAIL,FAIL,,,,,,,0,True,,,,,,,,,,,,,,,
async-newcomer,1,10,,,,5.5,3.02765,26,0,1163.3,105.729,0.961357,0.00578982,0.961357,0.00578982,10.1634,1.26267,69.9002,7.02835,9.4903,1.1612,53.5,5.30723,14.4,2.41293,11.4182,1.06876,0.930832,0.0100818,4.52654,0.0717032,19.5,2.12132,0.0108187,0.0228183,0.0108187,0.0228183,0,0,0,0,0.000563324,0.00121027,0.000563324,0.00121027,16.6,1.77639,0.965611,0.0406393,0.1,0.316228,135.9,12.2061,53.4504,5.64069,0.144845,0.0316483,inf,,82.8,14.0697,0.755014,0.0522458,0.22977,0.0366185,0.218841,0.029514,158.6,28.2575,72.6388,14.1183,0.459426,0.0349706,0,0,inf,,1.16618,0.158614,43.6218,6.12764,69.6,14.1358,0.850655,0.0235007,1,0,0.850655,0.0235007,0,0,0.0715619,0.0122156,27.1,4.7481,0.0253365,0.0159549,0.0275116,0.0116764,-0.00549486,0.0316922,0.238071,0.0358407,137.4,15.7494,704,11.6924,0.539773,,inf,,0.507074,0.0437789,0.637428,0.0146681,0.679864,0.0174865,269.5,41.1994,1273.1,164.42,40.2,7.59825,0.0218375,0.0118923,2.30964,1.1449,2.14207,0.204006,0.310512,0.0455451,0.50915,0.0593476,0.907963,0.0849821,pass,pass,pass,pass,pass,pass,FAIL,FAIL,,,,,,,0,False,,,,,,,,,,,,,,,
async-newcomer,2,10,,,,5.5,3.02765,26,0,1163.3,105.729,0.961035,0.00530635,0.961035,0.00530635,10.0093,1.37729,70.6735,7.53027,9.39679,1.23877,53.5,5.30723,14.4,2.41293,11.4273,0.98734,0.929791,0.0179464,4.51531,0.0781132,19.8,1.39841,0.0047619,0.0150585,0.0047619,0.0150585,0,0,0,0,0.000331126,0.00104711,0.000331126,0.00104711,16.6,1.77639,0.977083,0.0541934,0,0,133.5,7.42743,52.5862,4.97075,0.150272,0.0302306,inf,,87.1,18.0951,0.751534,0.0577704,0.226735,0.0262326,0.217887,0.0267677,154.7,32.8568,70.7507,15.8362,0.451375,0.035085,0,0,inf,,1.24217,0.280553,42.153,9.69145,67.2,18.1647,0.839251,0.0379763,1,0,0.839251,0.0379763,0,0,0.0717394,0.0102155,27.9,2.60128,0.0207174,0.0166754,0.0269167,0.0080032,0.0108707,0.035104,0.254612,0.0370338,137.4,15.7494,702,10.4329,0.508547,,inf,,0.517013,0.0583712,0.637555,0.0201202,0.681225,0.0221754,259,39.6288,1272,158.911,35.8,5.51362,0.0196584,0.0134002,1.47124,0.939537,2.10126,0.153111,0.298614,0.049844,0.514926,0.0775651,0.912001,0.119877,pass,pass,pass,pass,pass,pass,FAIL,FAIL,,,,,,,5,True,,,,,,,,,,,,,,,
async-newcomer,3,10,,,,5.5,3.02765,26,0,1163.3,105.729,0.961959,0.00536935,0.961959,0.00536935,10.2221,1.22916,70.3049,4.75796,9.51683,1.1464,53.5,5.30723,14.4,2.41293,11.4318,1.04737,0.929608,0.011252,4.51901,0.0630506,18.6,2.06559,0.010101,0.0214275,0.010101,0.0214275,0,0,0,0,0.000752631,0.00159687,0.000752631,0.00159687,16.6,1.77639,0.938989,0.0556959,0,0,135.6,13.5006,53.3656,6.3739,0.153445,0.0243611,inf,,88.6,16.1466,0.791106,0.0751305,0.241574,0.0372473,0.231932,0.0342561,150.8,30.0917,68.9885,14.1875,0.465952,0.0374389,0,0,inf,,1.29109,0.144406,39.1749,4.47368,68,10.8321,0.843038,0.0286153,1,0,0.843038,0.0286153,0,0,0.0782549,0.0149728,26.3,3.12872,0.0294682,0.0192333,0.0277919,0.0114768,0.00437207,0.0371954,0.240616,0.0297287,137.4,15.7494,690,12.202,0.505797,,inf,,0.489207,0.0329065,0.636628,0.0126672,0.686687,0.0172838,260.1,36.8102,1267.4,158.337,37.9,5.68526,0.0195047,0.0125236,1.41231,1.00263,2.10581,0.176961,0.292095,0.0446744,0.516789,0.0660156,0.905165,0.107712,pass,pass,pass,pass,pass,pass,FAIL,FAIL,,,,,,,5,False,,,,,,,,,,,,,,,
async-newcomer,4,10,,,,5.5,3.02765,26,0,1163.3,105.729,0.962297,0.00634771,0.962297,0.00634771,10.166,1.30129,69.5196,5.7786,9.5039,1.19252,53.5,5.30723,14.4,2.41293,11.5,1.05409,0.930957,0.0136788,4.49491,0.0805803,19,1.94365,0.0111455,0.0235421,0.0111455,0.0235421,0,0,0,0,0.000661449,0.00139448,0.000661449,0.00139448,16.6,1.77639,0.944636,0.0685017,0,0,133.6,12.808,52.6616,6.80783,0.144954,0.0277631,inf,,86.9,20.8244,0.759923,0.0701233,0.231645,0.0310673,0.221686,0.0281342,149.5,20.4083,68.3906,10.139,0.458283,0.0354667,0,0,inf,,1.22942,0.259334,42.3421,8.93982,68,16.9706,0.845584,0.0272876,1,0,0.845584,0.0272876,0,0,0.0770585,0.0135852,27,2.35702,0.0329716,0.0231531,0.028051,0.0131589,0.0169223,0.0353887,0.248579,0.0335055,137.4,15.7494,685,11.098,0.518248,,inf,,0.522574,0.0695073,0.632853,0.017542,0.684683,0.0147425,255.5,44.1141,1272.9,152.273,38,8.76863,0.0275643,0.0153133,1.92946,1.11455,2.11553,0.181759,0.314385,0.0548403,0.51735,0.0624666,0.902597,0.0874869,pass,pass,pass,pass,pass,pass,FAIL,FAIL,,,,,,,10,True,,,,,,,,,,,,,,,
async-newcomer,5,10,,,,5.5,3.02765,26,0,1163.3,105.729,0.962211,0.00628956,0.962211,0.00628956,10.2422,1.42479,70.4604,5.20057,9.46052,1.1425,53.5,5.30723,14.4,2.41293,11.5091,1.08093,0.92911,0.00723138,4.49419,0.0811625,19.2,1.98886,0.00625,0.0197642,0.00625,0.0197642,0,0,0,0,0.000331126,0.00104711,0.000331126,0.00104711,16.6,1.77639,0.961696,0.0736941,0,0,135.2,15.6688,53.1883,6.85845,0.143173,0.0350924,inf,,84.2,16.8905,0.735929,0.0835604,0.229124,0.0366585,0.21858,0.0329102,149.3,28.4255,68.1129,12.912,0.456554,0.0377319,0,0,inf,,1.19067,0.249854,43.6201,8.84521,64.8,12.7611,0.848825,0.0309511,1,0,0.848825,0.0309511,0,0,0.0755458,0.0123069,26.8,3.55278,0.0243023,0.0222532,0.0282616,0.0101284,0.00542499,0.033431,0.236101,0.0398982,137.4,15.7494,701,10.192,0.517832,,9.5,,0.511868,0.0611859,0.637398,0.0142638,0.6764,0.0327553,269.2,49.0188,1262.8,159.567,41,7.61577,0.0244361,0.0140125,1.69425,0.706547,2.14971,0.207987,0.305517,0.03942,0.543383,0.109299,0.943374,0.127765,pass,pass,pass,pass,pass,pass,FAIL,FAIL,,,,,,,10,False,,,,,,,,,,,,,,,
async-newcomer,6,10,,,,5.5,3.02765,26,0,1163.3,105.729,0.960599,0.00684589,0.960599,0.00684589,10.1384,1.06444,69.8201,5.64448,9.44252,1.01686,53.5,5.30723,14.4,2.41293,11.4227,1.03565,0.929998,0.0107494,4.51832,0.0948838,19.2,0.788811,0.0102632,0.0216455,0.0102632,0.0216455,0,0,0,0,0.000556308,0.00118213,0.000556308,0.00118213,16.6,1.77639,0.964917,0.0410979,0,0,140.5,15.6436,55.33,7.34889,0.1412,0.0208052,inf,,90.5,23.0567,0.742739,0.0687922,0.230033,0.0423793,0.222583,0.0414857,155,19.2758,70.7556,9.28668,0.456248,0.040359,0,0,inf,,1.23504,0.232464,41.8293,8.06721,67.2,15.6404,0.843277,0.0259423,1,0,0.843277,0.0259423,0,0,0.0762764,0.0142983,26.3,2.62679,0.0166328,0.0149988,0.0237762,0.0101493,0.00172783,0.0340915,0.253399,0.0440769,137.4,15.7494,691,9.769,0.512301,,inf,,0.514073,0.0612876,0.641435,0.0119608,0.683385,0.0189052,257,45.568,1272.7,158.426,38.1,7.35527,0.0175684,0.0123257,0.975422,0.44452,2.11729,0.19253,0.30446,0.054658,0.521164,0.0749901,0.930328,0.105886,pass,pass,pass,pass,pass,pass,FAIL,FAIL,,,,,,,20,True,,,,,,,,,,,,,,,
async-newcomer,7,10,,,,5.5,3.02765,26,0,1163.3,105.729,0.961584,0.0046013,0.961584,0.0046013,10.3442,1.5397,69.721,5.405,9.59849,1.29901,53.5,5.30723,14.4,2.41293,11.5136,1.04843,0.924093,0.0179317,4.48789,0.0840038,19.7,1.41814,0.00588235,0.0186016,0.00588235,0.0186016,0,0,0,0,0.000232198,0.000734275,0.000232198,0.000734275,16.6,1.77639,0.944683,0.0464484,0,0,134.6,13.3683,52.8816,5.5374,0.15057,0.0466374,inf,,89.5,15.5581,0.756488,0.0359173,0.243914,0.0307242,0.233696,0.0310097,147.5,22.9504,67.569,11.4297,0.455704,0.0340892,0,0,inf,,1.26106,0.15376,40.2182,5.2061,67.2,13.7016,0.8554,0.0352034,1,0,0.8554,0.0352034,0,0,0.0779067,0.0144268,28.4,6.71979,0.0298122,0.0236696,0.0337142,0.0186194,0.00816605,0.0305246,0.237696,0.0337161,137.4,15.7494,704,10.5219,0.53267,,8.5,,0.506919,0.0648298,0.635495,0.013605,0.67846,0.0228595,260.3,43.3873,1273.2,155.633,38.9,5.48635,0.0200527,0.00891039,1.0404,0.698906,2.10275,0.179264,0.298729,0.0470327,0.534845,0.0758339,0.948787,0.109044,pass,pass,pass,pass,pass,pass,FAIL,FAIL,,,,,,,20,False,,,,,,,,,,,,,,,
async-newcomer,8,10,,,,5.5,3.02765,26,0,1163.3,105.729,0.96066,0.00756037,0.96066,0.00756037,10.0314,1.06923,69.6812,6.58364,9.38949,1.05324,53.5,5.30723,14.4,2.41293,11.4636,1.09108,0.932551,0.0142035,4.50431,0.0834451,20,1.41421,0.005,0.0158114,0.005,0.0158114,0,0,0,0,0.000345423,0.00109232,0.000345423,0.00109232,16.6,1.77639,0.963474,0.0423995,0,0,137.7,15.9934,54.3063,8.14027,0.136125,0.0279349,inf,,90.5,17.3925,0.74175,0.0483812,0.23261,0.0240866,0.222935,0.0215228,146,21.4061,66.7638,10.5827,0.454154,0.0424606,0,0,inf,,1.20741,0.200234,42.6745,8.66238,71.2,14.3357,0.845449,0.0239905,1,0,0.845449,0.0239905,0,0,0.0743056,0.0169211,27.8,3.85285,0.0259941,0.0181522,0.0296356,0.0122856,0.00476996,0.0302954,0.243496,0.0360714,137.4,15.7494,706,10.2002,0.505666,,inf,,0.51054,0.0764768,0.635815,0.0151612,0.679207,0.0273749,259.8,47.1235,1266.1,164.963,38.1,7.20262,0.0191522,0.00758332,1.35657,0.536497,2.15293,0.169343,0.30751,0.0473005,0.51413,0.0699795,0.913058,0.10515,pass,pass,pass,pass,pass,pass,FAIL,FAIL,,,,,,,40,True,,,,,,,,,,,,,,,
async-newcomer,9,10,,,,5.5,3.02765,26,0,1163.3,105.729,0.959041,0.00651726,0.959041,0.00651726,9.95751,1.18207,69.4798,6.64552,9.23338,1.07329,53.5,5.30723,14.4,2.41293,11.4636,1.09213,0.931766,0.0122617,4.49861,0.0733894,19.6,1.83787,0.0107955,0.0231107,0.0107955,0.0231107,0,0,0,0,0.000669249,0.001411,0.000669249,0.001411,16.6,1.77639,0.969683,0.0418306,0,0,136.3,13.5978,53.6913,6.79702,0.13613,0.0387227,inf,,77,12.9701,0.774176,0.0500254,0.218045,0.0285868,0.208608,0.026844,147.7,28.0795,67.7764,13.8232,0.452358,0.0307244,0,0,inf,,1.15706,0.209116,44.6164,8.71554,68.8,10.1193,0.836151,0.0381615,1,0,0.836151,0.0381615,0,0,0.0722487,0.00987665,26.4,3.53396,0.0286421,0.0200142,0.0270977,0.0120664,0.0106978,0.0411049,0.231615,0.0383223,137.4,15.7494,689,9.85957,0.513788,,inf,,0.509136,0.0604063,0.640614,0.0115804,0.67503,0.0257932,258.1,38.8543,1267.9,158.957,39,8.25967,0.0173379,0.0100757,1.52239,1.12347,2.09605,0.191621,0.29603,0.053336,0.509226,0.0879314,0.903359,0.120003,pass,pass,pass,pass,pass,pass,FAIL,FAIL,,,,,,,40,False,,,,,,,,,,,,,,,
async-newcomer-batch,0,10,,,,5.5,3.02765,26,0,1163.3,105.729,0.972195,0.00696506,0.972195,0.00696506,143.576,0.974215,165.221,0.403319,142.64,1.00315,53.5,5.30723,14.4,2.41293,11.3636,1.00595,0.982985,0.00758792,4.78681,0.0870052,17.1,2.96086,0.0444526,0.043504,0.0444526,0.043504,0,0,0,0,0.00244895,0.00253786,0.00244895,0.00253786,16.6,1.77639,0.99375,0.0197642,0,0,171.5,12.0023,67.3887,5.034,0.360269,0.0510433,42,,344.1,48.8932,0.652162,0.0425838,0.622462,0.0474328,0.621741,0.0472255,178.6,18.0874,81.015,8.16318,0.592879,0.0208268,0.308502,0.21661,121.875,,2.61191,0.215174,19.2671,1.68143,100,10.1544,0.943081,0.0497692,1,0,0.943081,0.0497692,0.005,0.0158114,0.180724,0.0137973,26.8,2.69979,0.0116244,0.0189492,0.017153,0.00859518,-0.0108194,0.0560469,0.239903,0.0309555,137.4,15.7494,729,11.5897,0.589849,,5.5,,0.607528,0.0598487,0.660353,0.0149194,0.76226,0.0253629,221.8,38.7923,1096.7,159.818,38.5,8.6442,0.0297399,0.0171919,1.21844,0.642601,2.09575,0.206486,0.298295,0.0595425,24.1572,3.2408,3.28501,0.321183,pass,FAIL,pass,pass,pass,pass,pass,FAIL,,,,,,,0,True,,,,,,,,,,,,,,,
async-newcomer-batch,1,10,,,,5.5,3.02765,26,0,1163.3,105.729,0.972195,0.00696506,0.972195,0.00696506,143.576,0.974215,165.221,0.403319,142.64,1.00315,53.5,5.30723,14.4,2.41293,11.3636,1.00595,0.982985,0.00758792,4.78681,0.0870052,17.1,2.96086,0.0444526,0.043504,0.0444526,0.043504,0,0,0,0,0.00244895,0.00253786,0.00244895,0.00253786,16.6,1.77639,0.99375,0.0197642,0,0,171.5,12.0023,67.3887,5.034,0.360269,0.0510433,42,,344.1,48.8932,0.652162,0.0425838,0.622462,0.0474328,0.621741,0.0472255,178.6,18.0874,81.015,8.16318,0.592879,0.0208268,0.308502,0.21661,121.875,,2.61191,0.215174,19.2671,1.68143,100,10.1544,0.943081,0.0497692,1,0,0.943081,0.0497692,0.005,0.0158114,0.180724,0.0137973,26.8,2.69979,0.0116244,0.0189492,0.017153,0.00859518,-0.0108194,0.0560469,0.239903,0.0309555,137.4,15.7494,729,11.5897,0.589849,,5.5,,0.607528,0.0598487,0.660353,0.0149194,0.76226,0.0253629,221.8,38.7923,1096.7,159.818,38.5,8.6442,0.0297399,0.0171919,1.21844,0.642601,2.09575,0.206486,0.298295,0.0595425,24.0039,3.70923,3.25925,0.375331,pass,FAIL,pass,pass,pass,pass,pass,FAIL,,,,,,,0,False,,,,,,,,,,,,,,,
async-newcomer-batch,2,10,,,,5.5,3.02765,26,0,1163.3,105.729,0.971992,0.00778831,0.971992,0.00778831,143.545,0.850699,165.198,0.470025,142.615,1.00845,53.5,5.30723,14.4,2.41293,11.3636,1.0218,0.983174,0.00804757,4.78592,0.0751277,16.8,2.78089,0.0688889,0.0983471,0.0688889,0.0983471,0,0,0,0,0.00354491,0.00479167,0.00354491,0.00479167,16.6,1.77639,1,0,0,0,175.9,19.3014,68.9591,6.24512,0.318752,0.0415295,inf,,348.1,63.227,0.623052,0.0314346,0.586499,0.0318904,0.585985,0.0323627,198.4,20.1064,90.1439,10.0826,0.593707,0.0261069,0.192778,0.250076,inf,,2.53875,0.368242,20.0925,3.08653,102.4,14.9904,0.913501,0.0526361,1,0,0.913501,0.0526361,0.0054,0.0157212,0.179936,0.0175006,25.5,2.54951,0.0151639,0.0179773,0.0157925,0.00792118,0.00890943,0.0334269,0.373008,0.0347443,137.4,15.7494,732,12.8565,0.642077,,5,,0.621925,0.039079,0.663047,0.0138869,0.758948,0.0221999,216.6,37.3429,1109.3,154.739,34.8,7.06792,0.0246588,0.011993,1.19092,0.765334,2.1244,0.223366,0.294315,0.0527249,25.7082,4.10423,3.51692,0.493324,pass,FAIL,pass,pass,pass,pass,pass,FAIL,,,,,,,5,True,,,,,,,,,,,,,,,
async-newcomer-batch,3,10,,,,5.5,3.02765,26,0,1163.3,105.729,0.972799,0.00791247,0.972799,0.00791247,143.612,1.10914,165.173,0.48404,142.603,1.05,53.5,5.30723,14.4,2.41293,11.3864,1.03813,0.984793,0.006014,4.78023,0.0820993,16.8,2.85968,0.0238439,0.0311509,0.0238439,0.0311509,0,0,0,0,0.00130575,0.00174097,0.00130575,0.00174097,16.6,1.77639,0.988194,0.0249421,0,0,177.1,11.8551,69.5734,4.7461,0.339681,0.0228636,42,,361.6,67.2594,0.654966,0.0313688,0.617481,0.0408568,0.616756,0.040961,190.2,27.1285,86.3783,11.6556,0.590794,0.0208305,0.371139,0.200656,109.375,,2.62983,0.311278,19.2685,2.41723,103.2,15.7537,0.941642,0.054995,1,0,0.941642,0.054995,0.0109907,0.023442,0.189097,0.0137651,27.2,3.15524,0.0176587,0.0192722,0.0193411,0.0108488,-0.000706756,0.03094,0.258698,0.0395392,137.4,15.7494,734,12.4472,0.607629,,5,,0.613761,0.0486428,0.66639,0.0157334,0.758727,0.0310156,212.1,35.8188,1088.4,152.846,32.5,8.31665,0.0166745,0.00742344,0.996278,0.458093,2.0497,0.169599,0.285089,0.0526718,26.087,3.94205,3.49547,0.424312,pass,FAIL,pass,pass,pass,pass,pass,FAIL,,,,,,,5,False,,,,,,,,,,,,,,,
async-newcomer-batch,4,10,,,,5.5,3.02765,26,0,1163.3,105.729,0.973133,0.00820262,0.973133,0.00820262,143.532,1.12411,165.191,0.472454,142.567,1.04112,53.5,5.30723,14.4,2.41293,11.4455,1.03159,0.98283,0.0097695,4.75661,0.0646381,17.1,2.76687,0.0297076,0.041068,0.0297076,0.041068,0,0,0,0,0.00158285,0.0023557,0.00158285,0.0023557,16.6,1.77639,0.988194,0.0249421,0,0,172.6,10.2437,67.8551,4.92949,0.342575,0.0481248,inf,,351,57.0088,0.64222,0.0299964,0.612944,0.0236021,0.609831,0.0226253,181,16.8391,82.0794,6.61485,0.594794,0.0218266,0.199094,0.2612,inf,,2.53709,0.37165,20.2383,4.0798,111.2,18.6476,0.932544,0.0476349,1,0,0.932544,0.0476349,0.00589286,0.0130725,0.179639,0.0218878,29.8,4.18463,0.0176282,0.0126994,0.0241385,0.0111322,0.011364,0.0340796,0.343141,0.0493896,137.4,15.7494,728,13.7259,0.611264,,5,,0.59619,0.054105,0.668079,0.0118061,0.760555,0.0105423,216.2,47.0905,1105.7,146.084,34.8,8.63842,0.0174205,0.00811898,0.875292,0.556657,2.05077,0.207528,0.292157,0.0593453,27.612,5.38034,3.54182,0.597561,pass,FAIL,pass,pass,pass,pass,pass,FAIL,,,,,,,10,True,,,,,,,,,,,,,,,
async-newcomer-batch,5,10,,,,5.5,3.02765,26,0,1163.3,105.729,0.973766,0.00945356,0.973766,0.00945356,143.563,1.074,165.122,0.416984,142.645,1.04927,53.5,5.30723,14.4,2.41293,11.4273,1.04802,0.981086,0.00967243,4.76726,0.101964,16.2,3.85285,0.0301435,0.0546494,0.0301435,0.0546494,0,0,0,0,0.00177012,0.00313565,0.00177012,0.00313565,16.6,1.77639,1,0,0,0,168.7,13.4251,66.3858,6.67826,0.341301,0.0559038,45.5,,334.8,62.6131,0.672024,0.0354868,0.635793,0.0420249,0.635182,0.0423527,186.4,28.5626,84.6562,13.4664,0.584693,0.0296102,0.296747,0.264443,129.649,,2.6542,0.572387,19.548,3.79034,112,13.5974,0.926722,0.0694937,1,0,0.926722,0.0694937,0.0117857,0.0208962,0.180048,0.0126266,29.6,4.11501,0.0227869,0.0222083,0.0242177,0.0147304,-0.00882906,0.0391179,0.250324,0.0347633,137.4,15.7494,700,11.6333,0.562857,,6,,0.596465,0.049864,0.655035,0.0189842,0.743827,0.0486423,219.3,40.2135,1098.3,163.463,34.3,6.36047,0.0305273,0.020684,1.36144,0.93098,2.12048,0.217389,0.27975,0.042548,26.5542,3.73525,3.52835,0.546232,pass,FAIL,pass,pass,pass,pass,pass,FAIL,,,,,,,10,False,,,,,,,,,,,,,,,
async-newcomer-batch,6,10,,,,5.5,3.02765,26,0,1163.3,105.729,0.975556,0.00744291,0.975556,0.00744291,143.465,1.04699,165.088,0.48557,142.633,1.07559,53.5,5.30723,14.4,2.41293,11.4318,0.967386,0.985095,0.00731153,4.77211,0.0953128,15.4,3.27278,0.0135965,0.0295633,0.0135965,0.0295633,0,0,0,0,0.000724105,0.00154645,0.000724105,0.00154645,16.6,1.77639,0.9875,0.0395285,0,0,169.9,14.2318,66.8341,6.74924,0.342382,0.0523511,49,,344.8,53.7645,0.648159,0.0247106,0.610628,0.0278624,0.609695,0.0299522,190.7,22.9349,86.403,9.23039,0.599109,0.0194521,0.305881,0.280327,128.125,,2.60702,0.61403,20.2224,5.1257,107.2,20.0266,0.961166,0.0481862,1,0,0.961166,0.0481862,0.0101815,0.020295,0.187302,0.0228218,27.1,3.10734,0.0166734,0.0163896,0.018275,0.00835765,0.0225825,0.0475195,0.307677,0.0336014,137.4,15.7494,717,10.9752,0.571827,,6.5,,0.608993,0.037099,0.659418,0.00969915,0.76026,0.0219732,218.2,40.8052,1104.7,155.603,33.8,6.44291,0.0268348,0.0102891,1.31617,0.582399,2.11798,0.195435,0.299693,0.0656594,26.5205,3.61098,3.45173,0.334619,pass,FAIL,pass,pass,pass,pass,pass,FAIL,,,,,,,20,True,,,,,,,,,,,,,,,
async-newcomer-batch,7,10,,,,5.5,3.02765,26,0,1163.3,105.729,0.976725,0.0045755,0.976725,0.0045755,143.443,1.06031,165.081,0.451715,142.66,1.0677,53.5,5.30723,14.4,2.41293,11.4364,0.969744,0.982884,0.00760272,4.77455,0.0784442,15.6,2.45855,0.0264181,0.0480688,0.0264181,0.0480688,0,0,0,0,0.00144348,0.00248339,0.00144348,0.00248339,16.6,1.77639,1,0,0,0,170.9,10.7956,67.2103,5.50826,0.36445,0.0410965,42,,356,65.4574,0.668291,0.0387432,0.634254,0.0362312,0.633944,0.0360102,185.3,24.5178,84.407,12.5819,0.597126,0.0375899,0.339051,0.26132,123.399,,2.76205,0.462438,18.6275,3.53517,103.2,9.57775,0.956773,0.042442,1,0,0.956773,0.042442,0.00610185,0.0140509,0.186515,0.0203221,28.3,4.80856,0.0118869,0.0164601,0.0201989,0.0155998,-2.21231e-05,0.0380498,0.252142,0.0522107,137.4,15.7494,726,10.8136,0.596419,,5.5,,0.603763,0.0557895,0.663946,0.0125918,0.758854,0.0235371,219.2,42.3813,1093.4,146.537,36.1,7.20262,0.0261342,0.0102923,1.27138,0.847553,2.09776,0.25716,0.291207,0.0616199,26.044,5.02839,3.41803,0.429967,pass,FAIL,pass,pass,pass,pass,pass,FAIL,,,,,,,20,False,,,,,,,,,,,,,,,
async-newcomer-batch,8,10,,,,5.5,3.02765,26,0,1163.3,105.729,0.974884,0.00804079,0.974884,0.00804079,143.493,0.987342,165.063,0.499548,142.644,1.02068,53.5,5.30723,14.4,2.41293,11.3818,1.01847,0.983496,0.00779221,4.792,0.0825101,16.2,2.74064,0.0105556,0.0222916,0.0105556,0.0222916,0,0,0,0,0.000728726,0.00155437,0.000728726,0.00155437,16.6,1.77639,0.99375,0.0197642,0,0,172.5,12.51,67.8407,6.07826,0.357863,0.0535477,38.5,,340.6,52.0197,0.654358,0.0305382,0.617713,0.0399871,0.615714,0.042899,187.7,26.013,85.236,12.6223,0.591027,0.0173548,0.337987,0.24369,118.75,,2.48392,0.259548,20.3491,2.34841,101.6,22.0061,0.943132,0.0548652,1,0,0.943132,0.0548652,0.005,0.0158114,0.184513,0.0157995,26.5,3.30824,0.0194595,0.0224373,0.0175799,0.0104974,0.0080509,0.0628702,0.298074,0.0423529,137.4,15.7494,735,12.2134,0.632653,,4,,0.625704,0.0394013,0.657782,0.0145219,0.753813,0.0230357,222,37.3274,1101.8,150.266,34.5,5.68135,0.0298628,0.0179657,0.995115,0.758276,2.11171,0.163217,0.285499,0.0454732,26.9465,6.43254,3.47485,0.46482,pass,FAIL,pass,pass,pass,pass,pass,FAIL,,,,,,,40,True,,,,,,,,,,,,,,,
async-newcomer-batch,9,10,,,,5.5,3.02765,26,0,1163.3,105.729,0.973637,0.00791671,0.973637,0.00791671,143.563,1.07567,165.201,0.313595,142.642,1.02806,53.5,5.30723,14.4,2.41293,11.4045,0.977349,0.984997,0.010111,4.77332,0.0720597,16.7,3.49762,0.0209617,0.0272597,0.0209617,0.0272597,0,0,0,0,0.00137483,0.00184622,0.00137483,0.00184622,16.6,1.77639,0.99375,0.0197642,0,0,171,11.2842,67.208,5.10541,0.36076,0.0303672,inf,,341.9,52.9873,0.676513,0.0416187,0.641756,0.0454071,0.641756,0.0454071,179.7,25.2457,81.6245,11.0288,0.592351,0.0319297,0.241595,0.26428,inf,,2.68457,0.235168,18.7474,1.56163,114.4,18.875,0.958619,0.0671132,1,0,0.958619,0.0671132,0.00504167,0.0103534,0.185509,0.0185092,29.3,4.92274,0.0120615,0.023375,0.0203983,0.0112546,0.00944338,0.0356497,0.257972,0.0451412,137.4,15.7494,734,11.7019,0.621253,,4,,0.61264,0.0571944,0.661181,0.0203039,0.7613,0.030236,210.4,39.5649,1096.4,140.459,34.2,10.8197,0.0266176,0.0108347,1.04445,0.804825,2.09267,0.203769,0.290735,0.0470031,25.7511,4.70623,3.3585,0.401377,pass,FAIL,pass,pass,pass,pass,pass,FAIL,,,,,,,40,False,,,,,,,,,,,,,,,
async-noise,0,5,,,50,3,1.58114,26,0,534,55.5653,0.917409,0.0283829,0.917409,0.0283829,34.207,7.95745,117.816,,28.0219,8.0552,25.3,2.33452,7.4,2.38223,5.5,0.651603,0.812842,0.0411503,4.1396,0.146825,20.2,1.64317,0.0768968,0.0534969,0.0768968,0.0534969,0,0,0,0,0.0107893,0.00772148,0.0107893,0.00772148,16.6,2.19089,0.623482,0.105824,0.8,0.83666,66.8,7.29383,75.2752,8.23696,0.209693,0.0710435,inf,,98.2,52.8838,0.641638,0.0941075,0.369458,0.0654431,0.338476,0.067971,84.2,13.2929,106.459,17.7009,0.675272,0.0670078,0.16779,0.37519,inf,,2.1667,0.354155,23.5643,3.75263,84.8,16.5892,0.778595,0.0462186,0.98,0.0447214,0.794412,0.0272836,0,0,0.148762,0.0284594,10.2,1.30384,0.0138714,0.0212626,0.0253697,0.0139362,0.0391615,0.0477429,0.267578,0.0899025,35.6,4.61519,98,4.39318,0.581633,,5,,0.499223,0.0682391,0.698727,0.019661,0.737406,0.0587747,95.6,11.4149,468.6,74.0426,13.4,2.88097,0.0877808,0.0403968,7.57512,3.34743,2.17817,0.297989,0.345169,0.0514228,0.37785,0.0237763,0.525323,0.0567559,pass,pass,pass,FAIL,pass,pass,FAIL,FAIL,,,,,,,,,0,,,,,,,,,,,,,,
async-noise,1,5,,,100,3,1.58114,26,0,1068,83.1475,0.954138,0.00660511,0.954138,0.00660511,12.0366,1.50027,78.0899,4.16704,11.0202,1.19418,49.3,3.81772,13.8,5.10637,10.6455,0.870428,0.915347,0.0114691,4.42318,0.108762,20.6,0.894427,0.0190476,0.0425918,0.0190476,0.0425918,0,0,0,0,0.00127505,0.00285109,0.00127505,0.00285109,15.6,1.67332,0.963889,0.0330865,0,0,134.6,18.6628,78.4118,9.52973,0.167715,0.035489,inf,,149.4,31.7222,0.676511,0.0443923,0.246692,0.0240161,0.239426,0.0186102,189.4,35.7113,121.599,21.4265,0.590612,0.0431615,0,0,inf,,1.6373,0.103713,30.6447,2.1033,89.6,14.3108,0.838512,0.0288058,1,0,0.838512,0.0288058,0,0,0.120902,0.0191025,20,3.4641,0.0191627,0.0348907,0.0232965,0.012667,0.0264459,0.0488323,0.266485,0.112943,62.4,4.3359,172,6.91375,0.523256,,7,,0.500399,0.0720034,0.664593,0.0136805,0.704011,0.0171621,261,35.3483,1209.2,107.683,41.6,6.69328,0.0544719,0.0157174,3.3449,1.95226,2.60999,0.263552,0.358067,0.0855589,0.518495,0.0274313,0.926811,0.0779807,pass,pass,pass,pass,pass,pass,FAIL,FAIL,,,,,,,,,0,,,,,,,,,,,,,,
async-noise,2,5,,,200,3,1.58114,26,0,2157.6,61.2315,0.978273,0.0034444,0.978273,0.0034444,5.62088,0.196615,43.0547,3.79504,5.51261,0.187741,98.8,3.47491,26.5,4.7697,20.7364,0.583343,0.967252,0.00332643,4.66306,0.0662968,21.2,2.04939,0.00952381,0.0212959,0.00952381,0.0212959,0,0,0,0,0.000384986,0.000860854,0.000384986,0.000860854,15.8,0.447214,0.9875,0.0279508,0,0,273,19.1181,77.1965,6.89054,0.119151,0.0201536,inf,,164.2,13.9356,0.773026,0.0568771,0.155682,0.008071,0.153183,0.00881911,328,40.9817,103.47,14.0567,0.498707,0.0490458,0,0,inf,,1.20519,0.121607,41.8197,4.12411,60.8,7.15542,0.918193,0.0153505,1,0,0.918193,0.0153505,0,0,0.073151,0.0151898,38,4.1833,0.0198491,0.0138319,0.0145898,0.00401713,0.0205016,0.0405532,0.336665,0.0255811,138.4,12.661,381,8.07465,0.514436,,7,,0.49324,0.0247999,0.626244,0.00582268,0.665936,0.0182079,632.6,44.6968,2979.4,141.79,92.8,10.2323,0.0173713,0.00683329,0.488112,0.490519,2.82563,0.214758,0.411848,0.0736111,0.882468,0.0539372,1.75588,0.128275,pass,pass,pass,pass,pass,pass,FAIL,FAIL,,,,,,,,,0,,,,,,,,,,,,,,
async-noise,3,5,,,500,3,1.58114,26,0,5518,326.754,0.992964,0.00101079,0.992964,0.00101079,3.92747,0.0716631,13.2492,0.984512,3.8978,0.0771411,251.8,13.8139,69.4,7.51166,52.4364,2.57021,0.989669,0.00210406,4.76606,0.0588566,18,2.82843,0,0,0,0,0,0,0,0,0,0,0,0,17.2,2.68328,0.972115,0.0385216,0,0,660.4,46.1552,73.874,3.94138,0.0614392,0.00805103,inf,,212.8,24.9339,0.832595,0.0397189,0.0938733,0.00127564,0.0932158,0.00145885,377.8,17.6833,46.5317,2.75596,0.311248,0.0164039,0,0,inf,,0.71677,0.0325103,69.8738,3.20941,51.2,7.15542,1,0,1,0,1,0,0,0,0.0459697,0.00351371,94,11.5542,0.0120852,0.00514183,0.0105809,0.00332666,0.0165532,0.00514198,0.332586,0.0216692,339.8,22.2194,975,17.9583,0.500513,,8.2,3.11448,0.490041,0.02321,0.57395,0.00323528,0.618824,0.00442571,1815.2,156.833,8824.2,663.196,270.2,18.0748,0.00556672,0.00113987,0.103751,0.071122,2.97041,0.126986,0.394329,0.0431916,5.08041,0.848676,8.77216,1.27845,pass,pass,pass,pass,pass,pass,FAIL,FAIL,,,,,,,,,0,,,,,,,,,,,,,,
async-noise,4,5,,,50,3,1.58114,26,0,534,55.5653,0.916318,0.0190343,0.916318,0.0190343,32.4728,7.77136,141.181,,27.1792,7.77532,25.3,2.33452,7.4,2.38223,5.46364,0.684389,0.818169,0.0442544,4.16498,0.194535,21.6,1.67332,0.0378367,0.0214246,0.0378367,0.0214246,0,0,0,0,0.00480219,0.00289313,0.00480219,0.00289313,16.6,2.19089,0.614099,0.12749,0.6,0.547723,64.6,8.50294,72.8389,9.94164,0.21116,0.0359973,inf,,97.2,36.9418,0.629453,0.0634988,0.360691,0.0570254,0.338036,0.0632005,78,19.4036,98.6473,23.4686,0.656912,0.0709705,0.173783,0.237996,inf,,1.99594,0.265653,25.4265,3.5384,86.4,17.3436,0.772143,0.0530637,0.989356,0.0238013,0.780575,0.0520046,0,0,0.145111,0.0314899,13,2.44949,0.023619,0.0243034,0.0412018,0.0124563,0.0136375,0.0760696,0.28944,0.102498,35.6,4.61519,92,3.71484,0.630435,,4,,0.513023,0.0682414,0.694649,0.0120917,0.741884,0.0320636,95.6,15.566,461.4,76.924,15.2,3.49285,0.0748309,0.0226076,8.22043,2.17152,2.26718,0.210947,0.320864,0.0575149,0.369163,0.0330085,0.520068,0.0609846,pass,pass,pass,pass,pass,pass,FAIL,FAIL,,,,,,,,,0.5,,,,,,,,,,,,,,
async-noise,5,5,,,100,3,1.58114,26,0,1068,83.1475,0.954389,0.00645767,0.954389,0.00645767,12.2082,1.47738,78.4539,3.94445,11.1093,1.12189,49.3,3.81772,13.8,5.10637,10.7273,0.890143,0.903553,0.0194009,4.38617,0.112307,21.4,1.51658,0.0196172,0.0269816,0.0196172,0.0269816,0,0,0,0,0.00142217,0.00195236,0.00142217,0.00195236,15.6,1.67332,0.935317,0.0447111,0,0,124.6,17.0088,72.5764,8.57767,0.159807,0.0615114,inf,,149,40.8656,0.66026,0.0682412,0.246017,0.0327704,0.241359,0.0328996,190,35.6721,122.101,21.1097,0.585463,0.0208259,0.0912393,0.204017,inf,,1.7045,0.621081,31.6152,7.85455,81.6,13.1453,0.834524,0.0495158,1,0,0.834524,0.0495158,0,0,0.108049,0.0216212,19.8,2.77489,0.0123401,0.0227182,0.0191515,0.00986454,0.0281336,0.0411142,0.244909,0.0982058,62.4,4.3359,168,7.23187,0.452381,,inf,,0.463583,0.0471214,0.667867,0.0102536,0.703585,0.00879615,248.6,10.015,1204.4,105.841,38,9.43398,0.0411144,0.00306666,2.66409,1.33893,2.61638,0.192465,0.394245,0.0453899,0.519942,0.0161112,0.937006,0.0581094,pass,pass,pass,pass,pass,FAIL,FAIL,FAIL,,,,,,,,,0.5,,,,,,,,,,,,,,
async-noise,6,5,,,200,3,1.58114,26,0,2157.6,61.2315,0.979837,0.00210709,0.979837,0.00210709,5.57793,0.120663,42.4824,1.64367,5.47805,0.107721,98.8,3.47491,26.5,4.7697,20.7091,0.491246,0.965123,0.00241988,4.67524,0.056884,20.2,2.28035,0,0,0,0,0,0,0,0,0,0,0,0,15.8,0.447214,0.975,0.0342327,0,0,277.2,16.0375,78.3607,5.94891,0.121732,0.0248851,inf,,176,27.6857,0.754088,0.0307175,0.156773,0.013398,0.153356,0.0124129,337.4,44.1565,106.619,15.5381,0.505975,0.0452014,0,0,inf,,1.17228,0.139026,43.1268,5.01952,67.2,16.5892,0.919093,0.017036,1,0,0.919093,0.017036,0,0,0.0811667,0.0135349,40.2,4.54973,0.0259136,0.0132336,0.0167867,0.00778013,0.0127883,0.0245723,0.334774,0.015854,138.4,12.661,377,8.67756,0.535809,,7.2,1.78885,0.492384,0.034511,0.626728,0.00578825,0.667871,0.0110753,628,60.6053,2981.4,158.301,82.2,12.2556,0.0189798,0.0057885,0.928493,0.379078,2.83614,0.224298,0.387904,0.0598428,0.949609,0.0860817,1.85884,0.115421,pass,pass,pass,pass,pass,pass,FAIL,FAIL,,,,,,,,,0.5,,,,,,,,,,,,,,
async-noise,7,5,,,500,3,1.58114,26,0,5518,326.754,0.992546,0.000950913,0.992546,0.000950913,3.91796,0.0713908,13.2564,0.929215,3.88943,0.0737257,251.8,13.8139,69.4,7.51166,52.3364,2.51311,0.990249,0.00142072,4.77269,0.0663141,18.8,3.03315,0.0111111,0.0248452,0.0111111,0.0248452,0,0,0,0,0.000158541,0.000354509,0.000158541,0.000354509,17.2,2.68328,0.9875,0.0279508,0,0,653.4,50.8655,73.0959,4.72079,0.0643461,0.00841141,inf,,200.4,20.3052,0.836073,0.0176513,0.0888443,0.00769779,0.0886377,0.00765009,378.6,53.5238,46.4897,5.66216,0.319045,0.01853,0,0,inf,,0.673396,0.0600184,74.7538,7.08291,48,5.65685,1,0,1,0,1,0,0,0,0.0490476,0.0013041,99.2,14.8728,0.012042,0.00798827,0.0124676,0.00353645,0.0106258,0.0155645,0.338653,0.0261614,339.8,22.2194,980,19.2354,0.52551,,8,,0.502167,0.0112579,0.574928,0.00284349,0.623863,0.0055435,1799,122.507,8831,719.983,280.6,28.1034,0.00488153,0.00184031,0.0876259,0.0622171,2.94547,0.0867032,0.394861,0.029448,5.09199,0.566097,8.6575,0.860457,pass,pass,pass,pass,pass,pass,FAIL,FAIL,,,,,,,,,0.5,,,,,,,,,,,,,,
async-noise,8,5,,,50,3,1.58114,26,0,534,55.5653,0.912215,0.0220621,0.912215,0.0220621,35.0304,6.65854,120.778,,28.6021,8.1732,25.3,2.33452,7.4,2.38223,5.53636,0.679846,0.797675,0.038718,4.10051,0.101895,21,2.34521,0.0881284,0.0651776,0.0881284,0.0651776,0,0,0,0,0.0141273,0.0096919,0.0141273,0.0096919,16.6,2.19089,0.692736,0.114429,0.6,0.894427,58.2,6.49615,65.5636,7.29258,0.213178,0.0938554,62.25,,88.8,36.8538,0.602739,0.0541438,0.353151,0.0515641,0.323919,0.0592065,79.8,17.8522,100.84,21.2115,0.671476,0.0623154,0.201028,0.210328,295.536,,2.23327,0.593715,23.5198,5.43627,83.2,26.8924,0.740167,0.0687144,0.974089,0.0365047,0.758685,0.0447745,0.0125,0.0279508,0.168022,0.0229547,8.8,0.83666,0.00925213,0.0142862,0.0195814,0.00599075,0.0029182,0.0443603,0.294508,0.105667,35.6,4.61519,89,2.86356,0.494382,,7,,0.46823,0.103544,0.676969,0.0235647,0.714904,0.041242,96.4,16.5771,454.8,66.7173,14.2,2.68328,0.0997211,0.0251484,8.86132,2.34007,2.15852,0.329382,0.341917,0.0690291,0.361951,0.0452325,0.505954,0.0441824,pass,pass,pass,FAIL,pass,FAIL,FAIL,FAIL,,,,,,,,,2,,,,,,,,,,,,,,
async-noise,9,5,,,100,3,1.58114,26,0,1068,83.1475,0.957129,0.00470514,0.957129,0.00470514,12.3875,2.08839,78.3819,6.24309,11.3668,1.56882,49.3,3.81772,13.8,5.10637,10.7727,0.895927,0.909816,0.0127124,4.38543,0.103157,20.2,0.83666,0,0,0,0,0,0,0,0,0,0,0,0,15.6,1.67332,0.913095,0.0675208,0,0,125.6,18.6628,73.2179,10.3797,0.145811,0.0258222,inf,,143.6,38.8626,0.631484,0.0612475,0.227279,0.0226076,0.218099,0.0206141,187.6,52.2236,120.594,31.7394,0.585905,0.0285619,0.0321839,0.0719654,inf,,1.54588,0.26156,33.162,6.11737,99.2,22.3428,0.86653,0.023579,1,0,0.86653,0.023579,0,0,0.112348,0.024008,17.8,1.78885,0.011412,0.0107887,0.0159272,0.00779767,0.0210446,0.0441366,0.261993,0.118537,62.4,4.3359,169,5.1672,0.443787,,inf,,0.470261,0.0290641,0.665296,0.0122048,0.692964,0.025425,262.6,19.021,1227.2,99.6554,38,5.38516,0.055556,0.0245293,3.47805,2.57793,2.6609,0.193043,0.385041,0.0424927,0.508242,0.0453841,0.921641,0.0762927,pass,pass,pass,pass,pass,FAIL,FAIL,FAIL,,,,,,,,,2,,,,,,,,,,,,,,
async-noise,10,5,,,200,3,1.58114,26,0,2157.6,61.2315,0.979135,0.00118485,0.979135,0.00118485,5.59352,0.151237,41.9764,3.03181,5.48353,0.155401,98.8,3.47491,26.5,4.7697,20.7091,0.546022,0.967746,0.00448865,4.67296,0.0476276,20.8,1.48324,0,0,0,0,0,0,0,0,0,0,0,0,15.8,0.447214,0.974167,0.0354044,0,0,270.6,18.2016,76.5346,6.88628,0.101381,0.0179776,inf,,169,30.2407,0.701989,0.0674714,0.144955,0.0127567,0.142677,0.011637,317.6,31.8559,100.236,10.9511,0.485943,0.028716,0,0,inf,,1.0256,0.134066,49.5285,7.45614,65.6,17.3436,0.924229,0.0115035,1,0,0.924229,0.0115035,0,0,0.0684901,0.00736377,36.8,4.32435,0.0191068,0.0097466,0.013946,0.00629459,-0.00465503,0.016682,0.327934,0.0337094,138.4,12.661,369,5.21536,0.528455,,6,,0.502497,0.0270902,0.62756,0.00566649,0.650462,0.0141907,634.2,50.6429,2991.6,169.426,97.4,9.50263,0.0150304,0.00693906,0.400933,0.403365,2.86802,0.209381,0.385904,0.0561206,0.970966,0.136238,1.85583,0.17774,pass,pass,pass,pass,pass,pass,FAIL,FAIL,,,,,,,,,2,,,,,,,,,,,,,,
async-noise,11,5,,,500,3,1.58114,26,0,5518,326.754,0.993584,0.000687674,0.993584,0.000687674,3.92058,0.0536527,13.5984,1.126,3.89573,0.0552319,251.8,13.8139,69.4,7.51166,52.4818,2.55166,0.99011,0.00167283,4.76574,0.0671233,17.8,1.78885,0,0,0,0,0,0,0,0,0,0,0,0,17.2,2.68328,0.972115,0.0385216,0,0,650,32.4191,72.7104,1.60792,0.0600084,0.00858553,inf,,213.4,21.5244,0.728152,0.01308,0.0800083,0.00306642,0.0794509,0.00300139,360.8,19.3959,44.3629,1.84246,0.303797,0.0118821,0,0,inf,,0.676775,0.0833646,74.8925,10.3218,49.6,6.69328,1,0,1,0,1,0,0,0,0.0414394,0.00282952,92.4,11.6319,0.00877976,0.00374915,0.0100213,0.00291646,0.0119043,0.0123036,0.334452,0.0269759,339.8,22.2194,993,19.2432,0.49144,,8,,0.484536,0.00711056,0.573089,0.00363356,0.608569,0.0090432,1837.2,171.005,8886.4,697.046,275.2,15.0399,0.00566921,0.00177837,0.107411,0.104056,2.97918,0.116664,0.400065,0.047117,5.30692,0.829659,9.12796,1.29143,pass,pass,pass,pass,pass,FAIL,FAIL,FAIL,,,,,,,,,2,,,,,,,,,,,,,,
detection-placebo,0,5,,,200,3,1.58114,12,0,5423.2,384.9,0.885426,0.0178447,0.964449,0.0086586,17.3413,1.58618,64.9155,6.93181,16.2638,1.19733,14.2,0.83666,3,0,126.58,10.9491,0.869795,0.0308049,3.83391,0.0376941,5784,53.6656,0.0277268,0.00924358,0.0279004,0.00960848,0.0852289,0.011264,0,0,0.00312015,0.00133364,,,40.2,6.76018,0.903847,0.0236391,,,508.4,57.0289,191.003,20.9453,0.163028,0.0154644,inf,,297.8,57.7555,0.738808,0.0413913,,,,,136,43.7721,52.9266,17.5758,0.315065,0.0579083,0,0,inf,,0.551546,0.0554869,91.449,9.91668,27.0237,12.7196,0.731415,0.0323032,0.922207,0.0179554,0.792928,0.0249515,0,0,0.0795767,0.00393015,29.2,2.48998,0.0267934,0.0080032,0.0257784,0.00185355,-0.000233824,0.0237996,0.192728,0.0451511,61,7.4162,203,4.82701,0.600985,,6.8,2.04939,0.542152,0.0602369,0.557184,0.00436621,0.563036,0.00763382,1401.8,151.755,6550,602.864,207.6,42.4947,0.193123,0.018591,26.402,1.86861,8.38368,0.785151,0.88616,0.0964891,0.258254,0.00978031,8.80382,0.647407,,,,,,,,,,,True,,,,,,,0.105,0.156636,2.62,0.669955,FAIL,FAIL,pass,pass,n/a,,,,,
detection-placebo,1,5,,,500,3,1.58114,12,0,13953.6,537.634,0.969516,0.00352794,0.996097,0.000840808,9.69113,0.273743,27.644,1.24679,9.6339,0.297707,34.6,1.51658,3.2,0.447214,348.22,13.7196,0.928667,0.00874445,3.90712,0.0111325,5760,0,0.0142014,0.00239747,0.0142708,0.00231431,0.100625,0.0109867,0,0,0.000315471,0.000118072,,,40,7.10634,0.985882,0.0129539,,,1281.4,55.9491,189.534,13.8319,0.0841405,0.0132518,inf,,377.8,52.6279,0.756798,0.0245975,,,,,65.8,15.8965,9.89749,2.28952,0.109601,0.0158064,0,0,inf,,0.317299,0.0346164,159.092,17.3537,22.9918,7.68452,0.904674,0.0145967,1,0,0.904674,0.0145967,0,0,0.0386406,0.00363168,72,4.69042,0.0219351,0.00953791,0.0239752,0.00705585,-0.00746449,0.00594838,0.226842,0.0484207,157.4,25.0859,599,19.4216,0.512521,,7.8,1.64317,0.510114,0.0136933,0.551461,0.00322263,0.561416,0.00856108,4616.8,403.515,21995.2,1252.39,701.2,87.371,0.0669069,0.00675973,10.157,1.31587,9.65253,0.762545,0.971782,0.120048,0.237064,0.00343357,18.3282,0.942942,,,,,,,,,,,True,,,,,,,0.0183333,0.0160295,1.30833,0.558458,pass,FAIL,pass,pass,FAIL,,,,,
detection-placebo,2,5,,,200,3,1.58114,12,0,5474.8,409.274,0.895616,0.0169509,0.971634,0.0044508,14.0292,1.46455,56.4485,6.40152,13.2721,1.25754,14.2,0.83666,2.4,0.547723,128.18,11.6917,0.899421,0.0188289,3.87036,0.0236029,5784,53.6656,0.00519062,0.00144032,0.00519062,0.00144032,0.0348434,0.00350299,0,0,0.000436536,0.00034156,,,43,9.27362,0.881249,0.0269235,,,503,64.6993,188.675,20.5299,0.164248,0.0191909,inf,,281.2,46.8743,0.805975,0.0234207,,,,,177.6,41.944,68.8623,15.7499,0.378318,0.0470583,0,0,inf,,0.570397,0.0682464,88.7585,11.5613,42.3757,30.094,0.740779,0.0373082,0.92538,0.0136434,0.80027,0.0312362,0,0,0.0736024,0.0042295,28.2,0.83666,0.0249051,0.0115816,0.022641,0.00425583,0.00879598,0.0247474,0.197294,0.0209548,61,7.4162,202,5.59464,0.579208,,8.8,4.32435,0.524487,0.0441158,0.500573,0.00479616,0.50749,0.0108836,1411,131.645,6542.2,619.497,201.2,24.2012,0.310701,0.0120065,37.7451,1.93507,8.34893,0.618559,0.935509,0.112134,0.238643,0.00655483,7.19812,0.334138,,,,,,,,,,,False,,,,,,,0.0133333,0.0139443,2.38,0.694187,FAIL,pass,pass,pass,n/a,,,,,
detection-placebo,3,5,,,500,3,1.58114,12,0,13944,434.868,0.97172,0.00224594,0.996827,0.000789091,8.59779,0.537542,24.9319,1.32809,8.54853,0.540782,34.4,1.14018,3,0,347.98,11.4358,0.935678,0.00788823,3.91606,0.0100829,5760,0,0.00642361,0.00122146,0.00642361,0.00122146,0.045,0.00248997,0,0,8.67105e-05,9.33171e-05,,,42,5.95819,0.977819,0.0221131,,,1245,32.55,184.175,12.3804,0.0797144,0.0133232,inf,,314,53.9027,0.831519,0.0273287,,,,,108,37.4633,16.2324,5.35063,0.150269,0.0198514,0,0,inf,,0.288197,0.0302864,175.245,20.8818,31.3131,17.0079,0.912136,0.00832897,1,0,0.912136,0.00832897,0,0,0.0337112,0.00375928,69.8,3.27109,0.0221941,0.00614585,0.0213089,0.00444826,0.00598237,0.00305484,0.209513,0.0342421,157.4,25.0859,602,14.9265,0.57309,,6.6,2.07364,0.538637,0.0301241,0.50147,0.00443965,0.502949,0.0150369,4554.8,339.434,21441.4,1020.09,679.2,87.8049,0.177915,0.0113918,23.2991,1.63225,9.47711,0.67721,0.984191,0.144412,0.225379,0.00556331,15.5534,0.486755,,,,,,,,,,,False,,,,,,,0.00666667,0.00697217,1.24,0.310264,pass,pass,pass,pass,pass,,,,,
live-cap,0,5,1,0.08,,3,1.58114,12,0,5490.6,378.788,0.888203,0.0176277,0.967044,0.00761852,17.3681,1.51738,63.4086,6.49761,16.3617,1.12051,14.2,0.83666,3,0,128.54,10.5794,0.871244,0.0318613,3.83571,0.0392624,5784,53.6656,0.0145911,0.00254044,0.0145911,0.00254044,0.0934488,0.00925899,0,0,0.00184448,0.000966168,,,39.4,5.54977,0.922074,0.0220132,,,505.4,45.5115,189.808,15.2446,0.15805,0.00815348,inf,,298,39.9812,0.741933,0.0335916,,,,,160.2,27.2709,62.3379,11.0852,0.328397,0.0424863,0,0,inf,,0.570965,0.0610333,88.3688,9.36223,29.2826,18.1067,0.732853,0.0326722,0.922882,0.0190694,0.79381,0.0205444,0,0,0.074395,0.00753405,27.4,0.894427,0.0281942,0.0115116,0.0244509,0.00336687,0.00259365,0.0243832,0.181335,0.0456449,61,7.4162,213,8.84873,0.586854,,7.2,3.96232,0.547737,0.0292619,0.550878,0.00577667,0.557181,0.0147524,1418.6,134.106,6642,650.688,216.6,30.7295,0.211525,0.011551,28.7275,1.96396,8.43727,0.533913,0.494054,0.0236031,0.244899,0.004695,8.46132,0.543614,,,,,,,,,,,,,,,,,,0.0233333,0.0231241,2.31833,0.390575,FAIL,FAIL,pass,pass,n/a,,,,,
live-cap,1,5,1,0.2,,3,1.58114,12,0,5426.4,378.216,0.886804,0.0197657,0.966989,0.00901797,17.4473,1.77399,64.7016,7.38604,16.4695,1.48206,14.2,0.83666,3,0,127.02,11.2788,0.869509,0.0288172,3.83352,0.0352922,5784,53.6656,0.0197825,0.0031737,0.0198505,0.00315303,0.0881016,0.0130059,0,0,0.00200967,0.000493472,,,43,3.74166,0.901666,0.0805903,,,504,54.9409,189.29,19.1375,0.158989,0.0216256,inf,,278,17.9025,0.741603,0.0249964,,,,,131.8,16.6343,51.4016,6.39339,0.321421,0.0186583,0,0,inf,,0.54187,0.0707849,93.5466,12.2484,27.8914,13.5226,0.724826,0.0344163,0.92399,0.0150267,0.784185,0.0269629,0,0,0.0798126,0.00608854,30.2,2.68328,0.0275147,0.00741415,0.0288795,0.00875284,-0.0132314,0.010266,0.202348,0.0345075,61,7.4162,205,5.33854,0.492683,,11,4.94975,0.527927,0.0291677,0.560724,0.00371782,0.567158,0.00708174,1419.8,143.641,6609,642.323,200,35.4753,0.181896,0.00728465,25.8316,1.76853,8.52497,0.623731,0.702308,0.0412659,0.244388,0.00379201,8.38258,0.60221,,,,,,,,,,,,,,,,,,0.04,0.0446437,3.06833,0.762156,FAIL,FAIL,pass,FAIL,n/a,,,,,
live-cap,2,5,1,0.4,,3,1.58114,12,0,5474.2,339.12,0.886433,0.016589,0.965116,0.0070924,17.2363,1.73005,64.1415,7.86054,16.1594,1.48704,14.2,0.83666,3,0,127.78,9.48641,0.873315,0.0302942,3.83822,0.0372759,5784,53.6656,0.0230917,0.00552205,0.0234347,0.00556902,0.0822449,0.0142665,0,0,0.00290083,0.000895111,,,38.8,3.27109,0.8809,0.0780426,,,516,56.573,193.616,17.401,0.143593,0.0113637,inf,,304,42.638,0.731746,0.030741,,,,,124.6,31.6433,48.0791,11.4261,0.310629,0.0267899,0,0,inf,,0.519549,0.058382,97.0988,9.59046,34.1166,20.6703,0.728861,0.0155938,0.92275,0.0127121,0.789859,0.0111704,0,0,0.0798148,0.00736097,30.8,0.447214,0.0218354,0.010171,0.0286655,0.00314147,-0.00402865,0.0170825,0.20252,0.0475343,61,7.4162,209,6.05805,0.61244,,6.2,1.64317,0.539314,0.028604,0.561394,0.00336453,0.570531,0.0107602,1412.6,119.555,6649,547.445,204,26.5989,0.182721,0.0103077,25.7053,1.9759,8.25348,0.546288,0.826451,0.0182504,0.242648,0.00668212,8.29711,0.498446,,,,,,,,,,,,,,,,,,0.125,0.0801474,2.645,0.784874,FAIL,FAIL,pass,pass,n/a,,,,,
live-cap,3,5,3,0.08,,3,1.58114,12,0,5450.6,372.554,0.885358,0.0173837,0.964736,0.00804363,17.5206,1.75649,65.6978,6.95639,16.4063,1.35537,14.2,0.83666,3,0,127.24,10.4827,0.871028,0.0322129,3.83545,0.0394389,5784,53.6656,0.0264109,0.00906816,0.0265845,0.00926493,0.0874539,0.0133199,0,0,0.00286018,0.000952769,,,42,7.68115,0.863975,0.0459249,,,506.2,56.9886,190.083,19.8272,0.161844,0.0151744,inf,,305.8,56.2912,0.736739,0.0335149,,,,,139.8,23.952,54.368,9.92936,0.324106,0.0431673,0,0,inf,,0.550476,0.0622639,91.8103,10.9033,26.7159,13.0533,0.727664,0.0362404,0.921358,0.0119556,0.789509,0.030752,0,0,0.0783662,0.005744,27,0.707107,0.0192812,0.00667505,0.0231993,0.00366917,0.00141468,0.0219237,0.207909,0.042823,61,7.4162,207,6.1887,0.618357,,6.4,1.94936,0.542805,0.0615916,0.553847,0.00725394,0.566539,0.0160779,1409.6,131.675,6576.4,593.405,208.2,44.0023,0.199689,0.0222663,27.4146,2.48047,8.47886,0.6781,0.829147,0.0836785,0.248133,0.00296168,8.59105,0.601203,,,,,,,,,,,,,,,,,,0.121667,0.17995,3.035,0.950263,FAIL,FAIL,pass,pass,n/a,,,,,
live-cap,4,5,3,0.2,,3,1.58114,12,0,5449,370.218,0.879472,0.0256932,0.963755,0.0111267,17.2991,1.72208,66.3912,8.17805,16.0917,1.16605,14.4,0.894427,3,0,126.32,11.7444,0.873576,0.0315836,3.83856,0.0386689,5784,53.6656,0.039803,0.00721278,0.0401127,0.00721012,0.0806803,0.0121882,0,0,0.0050713,0.00200347,,,42.2,7.19027,0.886195,0.0365213,,,498.2,48.905,187.005,15.2956,0.161038,0.0263923,inf,,298.4,42.5065,0.740896,0.0338205,,,,,134.8,38.726,52.1474,14.4265,0.31435,0.02766,0,0,inf,,0.528133,0.0597986,95.6641,10.9883,29.0693,18.0659,0.705315,0.0251529,0.914959,0.0238704,0.770898,0.020364,0,0,0.0764384,0.00627126,29.6,1.81659,0.0223026,0.0119944,0.0274773,0.00532597,-0.0117766,0.0080404,0.179455,0.0491735,61,7.4162,203,7.33485,0.55665,,11.2,6.14003,0.542179,0.0368975,0.563156,0.00622918,0.560417,0.0128095,1403.4,116.706,6578,630.618,191.8,30.6708,0.175503,0.00614032,25.4094,0.939851,8.46299,0.427626,1.43108,0.0271135,0.255519,0.0100951,8.78081,0.656758,,,,,,,,,,,,,,,,,,0.16,0.118644,2.61667,0.55911,FAIL,FAIL,pass,pass,n/a,,,,,
live-cap,5,5,3,0.4,,3,1.58114,12,0,5419.8,368.932,0.879491,0.0160412,0.961489,0.0106316,16.917,1.48734,68.3595,8.25367,15.7477,1.14776,14.2,0.83666,3,0,125.6,10.3104,0.872061,0.0290811,3.83666,0.0357642,5784,53.6656,0.0527898,0.00844257,0.0529287,0.00861059,0.0743899,0.0156354,0,0,0.00588448,0.00227745,,,41,7.10634,0.839632,0.105974,,,497.2,50.8055,186.697,17.056,0.167821,0.0267419,inf,,302.8,26.3382,0.721108,0.0394131,,,,,120.6,27.3642,46.9294,10.2271,0.316958,0.0516821,0,0,inf,,0.559803,0.0575003,90.1557,10.2396,32.8235,16.8401,0.714096,0.0144332,0.917062,0.0120433,0.778674,0.0116071,0,0,0.0788836,0.00609961,28.2,2.16795,0.0155057,0.00911009,0.0236289,0.00403194,-0.00490093,0.0111242,0.201118,0.0453538,61,7.4162,207,5.72713,0.603865,,5.8,1.78885,0.535823,0.0135184,0.573766,0.006957,0.574139,0.010335,1409.8,177.724,6616,593.239,208.6,37.2867,0.14766,0.0161052,22.0194,1.7451,8.44489,0.783577,1.97757,0.0820361,0.249179,0.0101856,8.51293,0.591588,,,,,,,,,,,,,,,,,,0.281667,0.120387,2.90833,0.827249,FAIL,FAIL,pass,pass,n/a,,,,,
live-cap,6,5,5,0.08,,3,1.58114,12,0,5423.2,384.9,0.885426,0.0178447,0.964449,0.0086586,17.3413,1.58618,64.9155,6.93181,16.2638,1.19733,14.2,0.83666,3,0,126.58,10.9491,0.869795,0.0308049,3.83391,0.0376941,5784,53.6656,0.0277268,0.00924358,0.0279004,0.00960848,0.0852289,0.011264,0,0,0.00312015,0.00133364,,,40.2,6.76018,0.903847,0.0236391,,,508.4,57.0289,191.003,20.9453,0.163028,0.0154644,inf,,297.8,57.7555,0.738808,0.0413913,,,,,136,43.7721,52.9266,17.5758,0.315065,0.0579083,0,0,inf,,0.551546,0.0554869,91.449,9.91668,27.0237,12.7196,0.731415,0.0323032,0.922207,0.0179554,0.792928,0.0249515,0,0,0.0795767,0.00393015,29.2,2.48998,0.0267934,0.0080032,0.0257784,0.00185355,-0.000233824,0.0237996,0.192728,0.0451511,61,7.4162,203,4.82701,0.600985,,6.8,2.04939,0.542152,0.0602369,0.557184,0.00436621,0.563036,0.00763382,1401.8,151.755,6550,602.864,207.6,42.4947,0.193123,0.018591,26.402,1.86861,8.38368,0.785151,0.88616,0.0964891,0.241875,0.00832111,8.36302,0.605435,,,,,,,,,,,,,,,,,,0.105,0.156636,2.62,0.669955,FAIL,FAIL,pass,pass,n/a,,,,,
live-cap,7,5,5,0.2,,3,1.58114,12,0,5458.8,392.614,0.87827,0.0194213,0.965214,0.0096794,17.1072,1.52279,66.6386,7.02622,15.948,1.0734,14.4,0.894427,3,0,126.24,11.0031,0.875318,0.0335027,3.84074,0.0411732,5784,53.6656,0.0483383,0.00722535,0.0485452,0.00712869,0.0754712,0.00945124,0,0,0.00628786,0.00214755,,,42.6,5.54977,0.86126,0.0354541,,,500.2,55.9527,187.797,18.7184,0.159679,0.0214023,inf,,309.2,42.4111,0.716711,0.0347099,,,,,138.8,42.8451,53.7077,16.0547,0.302206,0.0417343,0,0,inf,,0.579446,0.0418895,86.6392,6.05811,27.3589,14.3896,0.714286,0.0366929,0.911838,0.0196506,0.783007,0.0259634,0,0,0.080088,0.00640139,27.6,1.51658,0.0212434,0.00720611,0.0248499,0.00471569,-0.0103243,0.0068596,0.196906,0.0561432,61,7.4162,204,6.72309,0.519608,,9.2,2.04939,0.544287,0.0393224,0.56972,0.00359982,0.590659,0.00521153,1416.2,117.706,6585,598.294,201.8,21.3939,0.165435,0.00751384,23.3041,1.4657,8.46522,0.463555,1.75486,0.0612726,0.247538,0.00800618,8.63137,0.601489,,,,,,,,,,,,,,,,,,0.193333,0.109829,3.08833,0.230684,FAIL,FAIL,pass,pass,n/a,,,,,
live-cap,8,5,5,0.4,,3,1.58114,12,0,5466.2,403.413,0.877555,0.0222857,0.958134,0.0143288,17.2671,1.5929,69.5319,12.9575,15.9955,1.07421,14.2,0.83666,3,0,126.58,11.3542,0.865904,0.0276732,3.8291,0.0341194,5784,53.6656,0.0701977,0.012445,0.070406,0.0127183,0.0660055,0.0172602,0,0,0.0091569,0.00366093,,,37,1.87083,0.858958,0.0689298,,,506.2,55.4094,189.985,17.7629,0.157656,0.0364122,inf,,311.6,50.3518,0.712678,0.0301315,,,,,119.6,21.8929,46.2758,8.27271,0.306883,0.024453,0,0,inf,,0.583474,0.124343,88.6827,17.7463,28.3997,17.2579,0.712781,0.0283304,0.916668,0.0154167,0.77737,0.0193724,0,0,0.0791632,0.00558428,28.2,2.16795,0.0216299,0.00764231,0.0252095,0.00647073,-0.011065,0.0119869,0.189415,0.0662967,61,7.4162,206,5.93296,0.529126,,8.4,3.97492,0.52771,0.0327182,0.580197,0.0056172,0.586497,0.00728469,1431.8,161.52,6665.6,703.68,217.4,33.6497,0.132907,0.0126423,19.9168,2.87495,8.51734,0.815199,2.65345,0.102223,0.247839,0.00699994,8.68367,0.669108,,,,,,,,,,,,,,,,,,0.256667,0.236173,2.62167,0.328961,FAIL,FAIL,pass,pass,n/a,,,,,
live-cap,9,5,10,0.08,,3,1.58114,12,0,5423.6,384.62,0.885086,0.0174382,0.963812,0.00867184,17.3808,1.59912,65.219,7.19284,16.2588,1.19064,14.2,0.83666,3,0,126.56,10.8988,0.869593,0.0313627,3.83368,0.0383615,5784,53.6656,0.0284559,0.00883049,0.0286295,0.00919457,0.0854719,0.0116353,0,0,0.00341941,0.00145597,,,40.2,6.76018,0.903847,0.0236391,,,509.6,58.3035,191.45,21.4058,0.163028,0.0154644,inf,,300,57.0395,0.739917,0.0431523,,,,,135,41.5812,52.5087,16.5967,0.312854,0.0576106,0,0,inf,,0.556901,0.0488722,90.3565,8.20714,26.5353,13.2436,0.723069,0.0325427,0.922207,0.0179554,0.783848,0.0245231,0,0,0.0795767,0.00393015,28.6,2.60768,0.0247885,0.00784494,0.0243842,0.00308687,-3.62176e-05,0.0254524,0.195185,0.0475598,61,7.4162,204,4.65833,0.607843,,6.2,1.78885,0.543392,0.0610147,0.556326,0.00500869,0.562039,0.00783572,1401.2,151.343,6548.4,602.111,207,42.4676,0.19381,0.0193554,26.4711,1.81738,8.40102,0.778396,0.91208,0.0929608,0.242197,0.00711825,8.41344,0.628846,,,,,,,,,,,,,,,,,,0.105,0.156636,2.62667,0.672872,FAIL,FAIL,pass,pass,n/a,,,,,
live-cap,10,5,10,0.2,,3,1.58114,12,0,5473.6,360.879,0.878747,0.0189287,0.962519,0.011509,17.3131,1.85448,67.5899,8.98814,16.1441,1.45887,14.4,0.894427,3,0,126.78,10.6865,0.870011,0.032729,3.83421,0.0401009,5784,53.6656,0.0532681,0.0105685,0.0535806,0.0105435,0.0765405,0.0107804,0,0,0.00652234,0.00204123,,,40.6,5.85662,0.852149,0.0613475,,,490.2,48.551,184.078,16.3807,0.169568,0.0202234,inf,,308.4,33.5082,0.714884,0.0429456,,,,,130.2,28.7437,50.3296,10.7366,0.314559,0.0347521,0,0,inf,,0.557906,0.0473854,90.1281,7.46937,30.3615,18.3893,0.706278,0.0391664,0.911544,0.0162765,0.774483,0.0317038,0,0,0.0817159,0.00670201,28.4,0.547723,0.021193,0.0165272,0.0261904,0.00414372,-0.00791073,0.01464,0.199103,0.0616654,61,7.4162,209,6.37966,0.54067,,7,,0.548352,0.0454923,0.570651,0.00773475,0.586094,0.0145427,1422.6,92.7054,6621.6,584.691,199.8,26.4518,0.161558,0.00783927,23.2088,2.05827,8.55199,0.391429,1.89906,0.0828168,0.245766,0.00451582,8.58638,0.535312,,,,,,,,,,,,,,,,,,0.163333,0.173165,3.02,0.998812,FAIL,FAIL,pass,pass,n/a,,,,,
live-cap,11,5,10,0.4,,3,1.58114,12,0,5457.2,436.19,0.870792,0.0189275,0.957663,0.0104097,17.2657,1.6612,71.5643,10.7961,15.907,1.28768,14.4,0.894427,3,0,125.16,11.8424,0.87011,0.0256387,3.83421,0.0313459,5784,53.6656,0.0909595,0.0176363,0.0914101,0.0177214,0.0607107,0.0135983,0,0,0.0100241,0.00321401,,,35.6,7.09225,0.849932,0.0446439,,,495.8,64.3444,186.011,20.8781,0.168197,0.0186632,inf,,314.4,32.9439,0.708628,0.0435257,,,,,115,32.5653,44.3652,12.2388,0.308848,0.0544052,0,0,inf,,0.547002,0.0753411,92.6153,10.9792,34.4235,20.9898,0.710849,0.0268813,0.906583,0.0172674,0.784004,0.0220772,0,0,0.0804473,0.00515886,28,2.44949,0.0181435,0.0101317,0.0239263,0.00461449,-0.018202,0.0149405,0.197129,0.0456945,61,7.4162,202,4.61519,0.549505,,7,,0.531348,0.021263,0.586288,0.00520814,0.592819,0.0161786,1413.4,147.23,6606.8,639.946,209,26.6083,0.126955,0.0121204,18.4277,2.32819,8.42176,0.77322,3.30147,0.275425,0.24855,0.00407361,8.80966,0.827891,,,,,,,,,,,,,,,,,,0.326667,0.186841,2.51333,0.505992,FAIL,FAIL,pass,pass,n/a,,,,,
live-cap,12,5,25,0.08,,3,1.58114,12,0,5423.6,384.62,0.885086,0.0174382,0.963812,0.00867184,17.3808,1.59912,65.219,7.19284,16.2588,1.19064,14.2,0.83666,3,0,126.56,10.8988,0.869593,0.0313627,3.83368,0.0383615,5784,53.6656,0.0284559,0.00883049,0.0286295,0.00919457,0.0854719,0.0116353,0,0,0.00341941,0.00145597,,,40.2,6.76018,0.903847,0.0236391,,,509.6,58.3035,191.45,21.4058,0.163028,0.0154644,inf,,300,57.0395,0.739917,0.0431523,,,,,135,41.5812,52.5087,16.5967,0.312854,0.0576106,0,0,inf,,0.556901,0.0488722,90.3565,8.20714,26.5353,13.2436,0.723069,0.0325427,0.922207,0.0179554,0.783848,0.0245231,0,0,0.0795767,0.00393015,28.6,2.60768,0.0247885,0.00784494,0.0243842,0.00308687,-3.62176e-05,0.0254524,0.195185,0.0475598,61,7.4162,204,4.65833,0.607843,,6.2,1.78885,0.543392,0.0610147,0.556326,0.00500869,0.562039,0.00783572,1401.2,151.343,6548.4,602.111,207,42.4676,0.19381,0.0193554,26.4711,1.81738,8.40102,0.778396,0.91208,0.0929608,0.245771,0.00554358,8.36059,0.634922,,,,,,,,,,,,,,,,,,0.105,0.156636,2.62667,0.672872,FAIL,FAIL,pass,pass,n/a,,,,,
live-cap,13,5,25,0.2,,3,1.58114,12,0,5446.8,386.813,0.877821,0.0197094,0.962224,0.0112807,17.346,1.92614,68.4775,9.70045,16.0966,1.4481,14.4,0.894427,3,0,126.18,11.24,0.869352,0.0313242,3.83338,0.0383721,5784,53.6656,0.0559396,0.0138368,0.0563563,0.0139944,0.0772003,0.0102874,0,0,0.00730417,0.00331206,,,43.8,8.70057,0.855527,0.0645989,,,491.8,46.7033,184.696,15.8146,0.164214,0.022052,inf,,314.4,39.2339,0.696439,0.0523591,,,,,125.6,32.3311,48.3661,12.1883,0.30724,0.0374727,0,0,inf,,0.530271,0.0794823,96.0711,14.9318,29.5619,16.7424,0.711875,0.0337105,0.90841,0.0205721,0.783309,0.0200141,0,0,0.0804598,0.00642548,27.4,1.34164,0.0189192,0.0177471,0.0231468,0.00619741,-0.00354274,0.012894,0.200434,0.0612562,61,7.4162,204,5.93296,0.544118,,10,,0.546307,0.0466527,0.570357,0.0087546,0.584955,0.0156555,1413,104.475,6601,602.139,200.2,25.8399,0.164165,0.0128271,23.2408,2.38281,8.41994,0.526443,1.90303,0.104594,0.249833,0.00752345,8.61173,0.572033,,,,,,,,,,,,,,,,,,0.253333,0.312339,3.18167,1.11001,FAIL,FAIL,pass,pass,n/a,,,,,
live-cap,14,5,25,0.4,,3,1.58114,12,0,5470,378.111,0.870737,0.0212257,0.956725,0.0142725,17.3759,1.96793,71.7216,11.6708,16.0114,1.57401,14.4,0.547723,3,0,125.46,11.0206,0.870141,0.0200862,3.83417,0.024707,5784,53.6656,0.0962344,0.0152465,0.0966837,0.0154963,0.0611749,0.0131452,0,0,0.0111328,0.00357363,,,34,4.06202,0.821159,0.0706829,,,498,51.0441,186.948,16.3589,0.156173,0.0213698,inf,,318,29.9333,0.695554,0.049169,,,,,112.4,18.7963,43.585,7.26804,0.318279,0.0339566,0,0,inf,,0.535019,0.0293243,93.6836,5.22818,30.9347,17.9258,0.712563,0.047284,0.911896,0.0167252,0.781043,0.0424611,0,0,0.0790761,0.00583167,28.2,1.64317,0.0203196,0.00996138,0.0232805,0.00456031,-0.0113016,0.0212179,0.186489,0.0488551,61,7.4162,210,4.84768,0.585714,,6.6,1.94936,0.532055,0.0171505,0.587576,0.00715401,0.603085,0.0212662,1423.2,142.178,6615,644.86,210.2,32.9272,0.122486,0.0130837,18.4244,2.31046,8.56971,0.689911,3.52704,0.295711,0.2544,0.0112587,9.01019,0.826748,,,,,,,,,,,,,,,,,,0.481667,0.210769,2.72333,0.555165,FAIL,FAIL,pass,pass,n/a,,,,,
live-density,0,5,,,50,3,1.58114,12,0,1910.6,104.17,0.13766,0.00697003,0.184293,0.0123812,inf,,inf,,11.6223,0.787039,1,0,1,0,7.12,0.8228,0.838786,0.120254,3.80033,0.141851,5640,224.499,0.00660699,0.00925785,0.00664245,0.00933405,0.00616016,0.00294264,0,0,0.0175843,0.0245582,,,62,5.78792,0.0984279,0.0643472,,,26.4,5.94138,40.179,9.19647,0.272609,0.219695,inf,,76.4,41.3255,0.354286,0.201621,,,,,2.8,1.92354,5.18392,3.64546,0.137199,0.0453642,0.168719,0.377267,inf,,1.68347,1.19992,49.5305,40.8719,30.4507,16.7384,0.00117647,0.00263067,0.113327,0.0219382,0.00823529,0.0184147,0.00933333,0.02087,0.0869048,0.0411054,6.8,1.30384,0.063268,0.078311,0.0457706,0.0432764,-0.00309627,0.0811376,0.20799,0.143328,15.4,2.60768,16,1.64317,0.6875,,inf,,0.632484,0.140186,0.606509,0.0440765,,,30.4,9.44987,135.8,13.0652,4.4,1.81659,0.261443,0.0731829,36.8668,12.3798,2.02942,0.135459,0.323405,0.0553809,0.246264,0.0153739,1.53543,0.196448,,,,,,,,,,,,,,,,,,0.025,0.0381881,2.90167,0.341382,FAIL,pass,FAIL,pass,n/a,live,,,,
live-density,1,5,,,50,3,1.58114,12,0,1380,60.129,0.485768,0.0343486,0.624712,0.0504304,76.6627,8.65902,inf,,29.8192,4.79053,3.6,0.547723,2,0,17.72,1.70059,0.891456,0.0490924,3.8611,0.060848,5640,224.499,0.0180314,0.00605295,0.0184865,0.00574873,0.0293316,0.00559631,0,0,0.0227691,0.00769512,,,41.8,5.89067,0.304955,0.10177,,,86.6,20.6833,131.631,30.8385,0.343986,0.0714455,33.0949,,147,29.3854,0.587139,0.0366737,,,,,44.4,12.8374,69.8649,17.1032,0.506625,0.0717163,0.196204,0.169983,248.565,,1.31026,0.82153,46.5439,17.2964,28.3066,12.4001,0.265846,0.068716,0.498067,0.0568328,0.533536,0.113553,0,0,0.155544,0.013984,8.8,1.09545,0.0183014,0.0265613,0.0369717,0.014616,0.0225014,0.0324773,0.171522,0.153189,15.4,2.60768,53,3.36155,0.54717,,7,,0.569493,0.108086,0.537515,0.0327634,0.50614,0.0667342,122.4,17.1843,581.2,64.4725,17.2,4.81664,0.465382,0.0727262,53.9797,6.68879,4.20444,0.34727,0.509522,0.102369,0.255348,0.0146024,2.4385,0.120831,,,,,,,,,,,,,,,,,,0.241667,0.227532,6.96833,1.1844,FAIL,FAIL,pass,pass,n/a,windows,,,,
live-density,2,5,,,50,3,1.58114,12,0,1735.8,106.671,0.647269,0.019048,0.788405,0.0163303,51.2382,5.22298,inf,,32.8545,1.39054,5.2,0.447214,2.2,0.447214,30.1,2.42487,0.888149,0.0557056,3.85721,0.0685146,5640,224.499,0.0534649,0.0228618,0.0545064,0.0234956,0.0552833,0.0103222,0,0,0.031709,0.010479,,,54.4,6.42651,0.556381,0.132363,,,146.2,21.7071,222.349,32.8111,0.464874,0.0498921,15.5252,2.01013,328.2,45.4225,0.635015,0.0596063,,,,,100.6,28.8929,158.976,46.9625,0.68768,0.058581,0.445394,0.081953,115.415,21.6179,1.73456,0.703911,31.9584,9.86673,38.2027,22.0909,0.429239,0.0546421,0.683105,0.0342962,0.626843,0.054719,0.0133333,0.0298142,0.192335,0.0294448,7.4,1.51658,0.0253851,0.0189739,0.0271827,0.0135052,-0.0147144,0.0326895,0.173209,0.136453,15.4,2.60768,59,2.38747,0.525424,,5.6,2.40832,0.568659,0.112683,0.580631,0.0144011,0.570772,0.0358319,190.4,16.4712,888.2,43.7858,26.4,4.15933,0.517066,0.0405466,65.2776,6.69191,6.42018,0.562312,0.869923,0.117414,0.268905,0.0130397,3.59938,0.337861,,,,,,,,,,,,,,,,,,0.588333,0.637911,8.725,1.60629,FAIL,FAIL,pass,pass,n/a,generous,,,,
live-density,3,5,,,100,3,1.58114,12,0,3660.6,275.565,0.316373,0.0325211,0.429774,0.039436,inf,,inf,,10.4625,0.885861,4.8,0.447214,1.4,0.547723,31.2,5.24643,0.827928,0.0649633,3.78426,0.0761753,5760,0,0.0071875,0.00570359,0.00725694,0.00569407,0.0173264,0.00733227,0,0,0.0129237,0.00837389,,,56,6.59545,0.26972,0.108167,,,113.8,20.6688,86.8396,14.8758,0.188623,0.071553,inf,,135.2,63.7079,0.469509,0.0918241,,,,,19.4,14.5705,15.8686,12.2605,0.181092,0.0781319,0,0,inf,,0.690823,0.444478,97.1371,52.7432,36.039,25.3848,0.131666,0.0333617,0.320525,0.031671,0.406278,0.0748082,0,0,0.0833307,0.0216233,15,4.47214,0.0354593,0.0309512,0.031587,0.0184009,0.0061766,0.0212807,0.178663,0.0686154,28.6,3.78153,80,4.69042,0.5625,,inf,,0.573512,0.0655395,0.561208,0.0192758,0.59075,0.0666047,238.6,37.5207,1194.4,204.143,36,8.12404,0.221314,0.0565087,26.1981,8.72303,3.95259,0.505613,0.4599,0.059654,0.259511,0.0203775,3.40796,0.586268,,,,,,,,,,,,,,,,,,0.06,0.0685667,2.3,0.384148,FAIL,pass,FAIL,pass,n/a,live,,,,
live-density,4,5,,,100,3,1.58114,12,0,2642.6,142.609,0.727595,0.02253,0.867239,0.0163619,32.0374,3.53866,inf,,23.9561,1.72913,7.4,0.547723,2,0,51.1,4.21189,0.868572,0.0485876,3.83285,0.0587215,5760,0,0.0276736,0.00679594,0.0280556,0.00741423,0.0606597,0.0111582,0,0,0.0134378,0.00276279,,,43.2,3.89872,0.656479,0.0666073,,,213,18.4391,162.787,12.7321,0.248364,0.0191224,inf,,219.2,46.5156,0.661923,0.0308313,,,,,111.4,24.9459,87.9828,19.9888,0.465904,0.0409129,0,0,inf,,0.864704,0.123802,58.7684,8.32128,32.831,13.521,0.511542,0.0667789,0.760985,0.0194842,0.671064,0.0759804,0,0,0.114892,0.00969883,13.6,0.894427,0.0215317,0.0170897,0.0206789,0.00732655,-0.00146098,0.0368269,0.140358,0.0715845,28.6,3.78153,98,2.40832,0.591837,,6.4,1.34164,0.5423,0.0649432,0.550585,0.0132896,0.544889,0.0240416,462.6,32.7154,2179.2,122.214,65.8,6.26099,0.328776,0.0214198,41.1225,4.09341,6.36499,0.336883,0.682384,0.0626559,0.263062,0.0113534,4.63232,0.435247,,,,,,,,,,,,,,,,,,0.261667,0.249625,4.93,0.77564,FAIL,FAIL,pass,pass,n/a,windows,,,,
live-density,5,5,,,100,3,1.58114,12,0,3422,201.827,0.834229,0.0173358,0.935219,0.00926142,24.767,1.80816,112.006,8.72149,21.9611,1.38289,9.6,0.547723,3,0,75.46,5.86242,0.887701,0.0317287,3.85599,0.0390738,5760,0,0.0548264,0.00772169,0.0553125,0.00772677,0.0891319,0.0127475,0,0,0.010077,0.00190581,,,54.8,5.89067,0.798039,0.1044,,,331.4,34.5007,253.435,26.2718,0.307275,0.0383215,39.8541,,429.2,58.4782,0.72579,0.0397039,,,,,298.2,82.7327,232.749,66.9403,0.633362,0.0282537,0.179535,0.130028,261.003,,1.04618,0.153115,48.6007,6.91545,49.453,32.6392,0.634781,0.0543489,0.871778,0.0175472,0.727557,0.0508841,0.0174439,0.0179539,0.15964,0.0151749,14.6,0.894427,0.0214529,0.0145702,0.0232734,0.00627266,-0.00432827,0.0114727,0.183783,0.0934874,28.6,3.78153,111,5.31037,0.558559,,6.2,2.16795,0.55436,0.0419928,0.578803,0.00950644,0.58678,0.035801,640,34.3657,3108.2,195.081,95.6,8.6487,0.352692,0.0361995,46.609,3.90064,8.79997,0.547539,0.992919,0.0864645,0.269906,0.00390276,6.62865,0.503826,,,,,,,,,,,,,,,,,,0.503333,0.299571,6.05167,1.81552,FAIL,FAIL,pass,pass,n/a,generous,,,,
live-density,6,5,,,200,3,1.58114,12,0,7386.6,503.332,0.583247,0.0449406,0.72611,0.049935,14.5645,2.3163,inf,,9.00838,0.381362,14,1.58114,2,0,114.66,15.4681,0.841849,0.0358878,3.80008,0.0430728,5784,53.6656,0.0139541,0.00352999,0.0140568,0.00343094,0.0522569,0.0106407,0,0,0.00962084,0.00283062,,,54.8,2.38747,0.55344,0.108726,,,433.8,75.7707,162.583,24.8855,0.128739,0.0167669,inf,,301,62.9643,0.586925,0.0726018,,,,,76.6,36.5486,29.7661,13.6672,0.218547,0.0447378,0,0,inf,,0.489384,0.0476786,103.007,10.7799,38.7632,25.3099,0.339529,0.0395455,0.614697,0.046552,0.551443,0.0338054,0,0,0.0680377,0.00750349,29,1.58114,0.03496,0.0194992,0.0303643,0.00400101,0.000444867,0.0140227,0.201767,0.034836,61,7.4162,192,5.94138,0.546875,,8.6,1.14018,0.532574,0.027231,0.564115,0.00750527,0.579561,0.0240912,1266.4,190.369,5841,851.751,185.4,31.0048,0.158656,0.00812391,21.7132,1.6978,7.58995,0.836127,0.781819,0.144736,0.232911,0.00550002,7.67187,0.675969,,,,,,,,,,,,,,,,,,0.035,0.0108653,1.76167,0.318449,FAIL,FAIL,pass,pass,n/a,live,,,,
live-density,7,5,,,200,3,1.58114,12,0,5423.2,384.9,0.885426,0.0178447,0.964449,0.0086586,17.3413,1.58618,64.9155,6.93181,16.2638,1.19733,14.2,0.83666,3,0,126.58,10.9491,0.869795,0.0308049,3.83391,0.0376941,5784,53.6656,0.0277268,0.00924358,0.0279004,0.00960848,0.0852289,0.011264,0,0,0.00312015,0.00133364,,,40.2,6.76018,0.903847,0.0236391,,,508.4,57.0289,191.003,20.9453,0.163028,0.0154644,inf,,297.8,57.7555,0.738808,0.0413913,,,,,136,43.7721,52.9266,17.5758,0.315065,0.0579083,0,0,inf,,0.551546,0.0554869,91.449,9.91668,27.0237,12.7196,0.731415,0.0323032,0.922207,0.0179554,0.792928,0.0249515,0,0,0.0795767,0.00393015,29.2,2.48998,0.0267934,0.0080032,0.0257784,0.00185355,-0.000233824,0.0237996,0.192728,0.0451511,61,7.4162,203,4.82701,0.600985,,6.8,2.04939,0.542152,0.0602369,0.557184,0.00436621,0.563036,0.00763382,1401.8,151.755,6550,602.864,207.6,42.4947,0.193123,0.018591,26.402,1.86861,8.38368,0.785151,0.88616,0.0964891,0.23609,0.00835751,8.08666,0.624549,,,,,,,,,,,,,,,,,,0.105,0.156636,2.62,0.669955,FAIL,FAIL,pass,pass,n/a,windows,,,,
live-density,8,5,,,200,3,1.58114,12,0,7114,533.13,0.939026,0.0111207,0.984717,0.00642327,14.8464,1.35858,52.7315,7.23187,14.4368,1.14691,18.8,1.30384,3,0,175.72,14.2073,0.877411,0.0287501,3.84323,0.0354523,5784,53.6656,0.0417673,0.0090395,0.0421145,0.00942331,0.142163,0.0174156,0,0,0.00246009,0.00111777,,,49.8,5.89067,0.935879,0.0589501,,,710.2,93.0226,266.57,31.4975,0.221958,0.012304,inf,,581.6,80.736,0.727691,0.0386271,,,,,430,73.9493,165.226,29.9954,0.478441,0.0211905,0,0,inf,,0.708414,0.0389412,70.7626,4.14919,36.3203,16.9239,0.846369,0.0224526,0.971084,0.00671732,0.871485,0.0176345,0,0,0.101786,0.00865483,29,1.41421,0.0231243,0.0125019,0.0246615,0.00485497,-0.00422974,0.0147591,0.187571,0.0623535,61,7.4162,228,5.63915,0.530702,,6.8,1.09545,0.497991,0.0374775,0.577771,0.00783038,0.586319,0.0137172,1932,166.32,8909.8,750.655,272.2,30.971,0.213251,0.0153623,30.584,2.94583,11.2696,0.934909,1.16665,0.211952,0.245652,0.00434319,12.026,1.08194,,,,,,,,,,,,,,,,,,0.261667,0.210621,3.12333,0.983923,FAIL,FAIL,pass,pass,n/a,generous,,,,
live-density,9,5,,,350,3,1.58114,12,0,12371.6,572.41,0.752766,0.0160441,0.888199,0.013617,8.34865,0.485324,inf,,6.88174,0.255107,27,1.41421,3,0,241.88,15.9396,0.901026,0.00923386,3.87228,0.0115004,5760,0,0.0144444,0.00396921,0.0144792,0.00401301,0.0755903,0.0080991,0,0,0.00397124,0.00124208,,,55.4,6.54217,0.737954,0.0921521,,,916.8,59.9808,197.573,14.8053,0.11106,0.0120751,inf,,394.2,32.7139,0.674667,0.0352719,,,,,79.2,13.4425,17.4852,2.97283,0.161971,0.0239176,0,0,inf,,0.399312,0.0435885,126.52,14.9854,36.0688,23.7447,0.55232,0.0258451,0.792892,0.0170085,0.696602,0.0291078,0,0,0.051141,0.00427382,49.2,3.03315,0.0260247,0.00374834,0.0262929,0.00488359,0.000915335,0.0133971,0.212294,0.0268071,102.8,9.83362,393,9.2358,0.587786,,5.6,0.894427,0.549022,0.0146306,0.553281,0.00538652,0.556282,0.0128504,3156.2,336.416,14485.8,1028.12,458.6,50.7868,0.105905,0.0100296,15.389,1.79774,9.79551,0.830524,0.949886,0.11345,0.237784,0.00314786,14.2118,0.805883,,,,,,,,,,,,,,,,,,0.0166667,0.0117851,1.38667,0.386023,pass,FAIL,pass,pass,FAIL,live,,,,
live-density,10,5,,,350,3,1.58114,12,0,9373.2,438.657,0.945759,0.0068684,0.989167,0.00263155,10.8379,0.491825,39.1475,3.43743,10.6831,0.441795,23.4,0.547723,3,0,229.86,11.7453,0.910288,0.0159986,3.88394,0.0201794,5760,0,0.0186111,0.00355034,0.0186111,0.00355034,0.0968056,0.00916084,0,0,0.000763516,0.000420417,,,36,5.95819,0.960122,0.0627865,,,864,26.8421,186.114,6.83873,0.110414,0.0128809,inf,,339.4,30.0549,0.76644,0.0180456,,,,,77.6,22.289,17.0952,4.8982,0.175295,0.0331955,0,0,inf,,0.419919,0.0387898,119.867,10.8204,27.0935,10.7936,0.849927,0.0136426,0.979819,0.0122821,0.867452,0.0109106,0,0,0.0507194,0.00309245,47.8,2.04939,0.0200511,0.00291845,0.0243154,0.00443382,-0.0114256,0.00719251,0.20607,0.0290793,102.8,9.83362,373,6.38749,0.571046,,7.4,1.14018,0.53196,0.0175248,0.553906,0.00609544,0.560062,0.001718,2914.2,273.956,13593.6,879.242,440.6,54.2706,0.108251,0.0179497,15.5386,1.78909,9.18954,0.704941,0.956867,0.0943041,0.238768,0.00460563,13.1789,0.800387,,,,,,,,,,,,,,,,,,0.01,0.0180662,1.53667,0.604888,FAIL,FAIL,pass,pass,FAIL,windows,,,,
live-density,11,5,,,350,3,1.58114,12,0,12126.6,479.877,0.971755,0.00283478,0.995851,0.000903653,10.2998,0.0903557,32.999,1.67248,10.2891,0.0887217,30.4,1.14018,3.4,0.547723,305.46,13.0213,0.91449,0.0133306,3.8892,0.0167938,5760,0,0.0298958,0.00867135,0.0300347,0.00894982,0.157778,0.0129427,0,0,0.000762553,0.000226315,,,53.2,4.65833,0.988348,0.0107751,,,1196.6,67.129,257.827,16.5306,0.151342,0.0126411,inf,,646.4,35.5711,0.751075,0.0181377,,,,,279.2,56.9096,61.1301,12.8514,0.316123,0.0359187,0,0,inf,,0.535136,0.0350351,93.7557,6.14273,39.2564,23.5736,0.919019,0.00779963,1,0,0.919019,0.00779963,0,0,0.0636127,0.00497885,50.2,4.02492,0.0227168,0.00094087,0.0251819,0.00590052,-0.0114007,0.00655303,0.214702,0.0367199,102.8,9.83362,403,9.58123,0.543424,,6.6,1.81659,0.512253,0.032011,0.570892,0.00270527,0.580425,0.00659242,3972,258.222,18033.4,918.607,576.2,47.4837,0.119059,0.00752868,18.6989,1.74169,12.2156,0.730567,1.20171,0.135182,0.244515,0.00524636,18.9431,1.02573,,,,,,,,,,,,,,,,,,0.103333,0.157299,2.16167,0.863387,FAIL,FAIL,pass,pass,FAIL,generous,,,,
live-density,12,5,,,500,3,1.58114,12,0,18467.8,625.945,0.843443,0.0129985,0.941028,0.00810616,6.35081,0.0783055,21.7427,1.7343,6.20072,0.063354,41.8,1.78885,3,0,402.08,18.4694,0.914186,0.0102181,3.8888,0.0128813,5760,0,0.0158333,0.00461525,0.0159028,0.00468846,0.0823264,0.00847624,0,0,0.00217855,0.000977393,,,53.2,8.61394,0.797003,0.110314,,,1492,83.6899,220.759,19.337,0.0885982,0.00660596,inf,,484.6,75.4142,0.707745,0.0263381,,,,,60.8,24.294,9.13469,3.51953,0.117121,0.0283166,0,0,inf,,0.332101,0.0406324,152.224,17.101,32.473,15.5013,0.662983,0.0270934,0.886538,0.008646,0.747827,0.0293947,0,0,0.0400017,0.00382915,69.2,1.48324,0.0206737,0.00362881,0.0221725,0.0032051,0.00261491,0.00951753,0.224261,0.0450367,157.4,25.0859,617,20.0574,0.528363,,6.8,0.83666,0.518215,0.0153969,0.553046,0.00546966,0.562785,0.00433488,5472.2,469.91,25685,1399.38,819.6,61.8207,0.0683791,0.00614978,10.0838,1.05191,11.0875,0.927406,1.10183,0.129981,0.23945,0.00315459,21.0829,0.97443,,,,,,,,,,,,,,,,,,0.025,0.0117851,1.15333,0.434837,pass,FAIL,pass,pass,FAIL,live,,,,
live-density,13,5,,,500,3,1.58114,12,0,13953.6,537.634,0.969516,0.00352794,0.996097,0.000840808,9.69113,0.273743,27.644,1.24679,9.6339,0.297707,34.6,1.51658,3.2,0.447214,348.22,13.7196,0.928667,0.00874445,3.90712,0.0111325,5760,0,0.0142014,0.00239747,0.0142708,0.00231431,0.100625,0.0109867,0,0,0.000315471,0.000118072,,,40,7.10634,0.985882,0.0129539,,,1281.4,55.9491,189.534,13.8319,0.0841405,0.0132518,inf,,377.8,52.6279,0.756798,0.0245975,,,,,65.8,15.8965,9.89749,2.28952,0.109601,0.0158064,0,0,inf,,0.317299,0.0346164,159.092,17.3537,22.9918,7.68452,0.904674,0.0145967,1,0,0.904674,0.0145967,0,0,0.0386406,0.00363168,72,4.69042,0.0219351,0.00953791,0.0239752,0.00705585,-0.00746449,0.00594838,0.226842,0.0484207,157.4,25.0859,599,19.4216,0.512521,,7.8,1.64317,0.510114,0.0136933,0.551461,0.00322263,0.561416,0.00856108,4616.8,403.515,21995.2,1252.39,701.2,87.371,0.0669069,0.00675973,10.157,1.31587,9.65253,0.762545,0.971782,0.120048,0.242262,0.00561433,18.2359,0.871355,,,,,,,,,,,,,,,,,,0.0183333,0.0160295,1.30833,0.558458,pass,FAIL,pass,pass,FAIL,windows,,,,
live-density,14,5,,,500,3,1.58114,12,0,18204.2,640.17,0.985118,0.00178358,0.998859,0.000528554,8.22373,0.519463,23.5641,1.16192,8.20739,0.522293,44.8,1.09545,4,0,461.42,16.2876,0.9309,0.00974178,3.90997,0.0124616,5760,0,0.0259375,0.00441532,0.0259375,0.00441532,0.154236,0.0137035,0,0,0.000177546,0.000159178,,,53,6.63325,0.987944,0.0112606,,,1746.4,78.8879,258.324,19.5494,0.118418,0.0183421,inf,,712,97.3833,0.772018,0.0122444,,,,,222.2,64.2627,33.2057,9.20264,0.226071,0.0359637,0,0,inf,,0.425794,0.0532467,119.083,16.6229,42.0399,18.0039,0.951491,0.00544673,1,0,0.951491,0.00544673,0,0,0.0489155,0.00337305,71.6,2.70185,0.0237621,0.00550226,0.0238303,0.00613527,-0.00541445,0.0095526,0.2165,0.0325448,157.4,25.0859,644,18.1025,0.535714,,6.2,0.447214,0.516242,0.0389578,0.565801,0.00360551,0.577002,0.00376996,6318,501.77,29509.4,1263.24,951,85.0382,0.0683853,0.00560589,11.0364,1.37902,12.7386,0.934789,1.23273,0.103634,0.248733,0.00458595,25.9171,1.3442,,,,,,,,,,,,,,,,,,0.0716667,0.051908,1.42333,0.432427,pass,FAIL,pass,pass,FAIL,generous,,,,
live-half-life,0,5,,,100,3,1.58114,60,0,15402.6,1678.76,0.7115,0.0458583,0.850419,0.0440094,33.2046,5.55156,inf,,23.9364,1.84852,7.2,0.83666,2.2,0.447214,50.369,8.47644,0.86194,0.0339624,3.82437,0.0411015,33408,0,0.0532986,0.0150768,0.0534902,0.0151906,0.0415888,0.00719206,0,0,0.0235207,0.00935004,,,237.6,12.4218,0.620556,0.093992,,,1132.6,173.174,408.855,63.9402,0.220113,0.0183005,67.1164,12.4431,2367.4,441.211,0.640244,0.0467763,,,,,2601.8,1379.48,971.8,524.523,0.633847,0.0349473,0.0534948,0.0152647,996.061,272.737,0.389613,0.0633956,131.269,22.5999,115.701,82.644,0.493388,0.0546756,0.755437,0.0416603,0.651721,0.0399,0.00479853,0.0107299,0.156106,0.0111532,30.2,2.77489,0.0438099,0.0066449,0.0367339,0.00516363,0.0248847,0.0369958,0.178126,0.0743476,175,12.1861,731,12.6372,0.570451,,5.4,0.547723,0.549221,0.0142561,0.541415,0.0113406,0.542368,0.0274099,1873.6,286.718,8813.4,1167.34,281,39.3827,0.448606,0.0269847,32.14,2.77187,2.3433,0.345611,1.36033,0.237472,0.250617,0.00346989,26.1097,3.07552,,,,,,,,,,,,7,,,,,,0.411494,0.187871,4.73534,0.468595,FAIL,FAIL,pass,pass,n/a,,,,,
live-half-life,1,5,,,200,3,1.58114,60,0,33333.2,1552.85,0.890014,0.0082438,0.96737,0.00475864,15.8747,0.800724,62.5917,3.95102,14.9585,0.646068,15.2,0.83666,3,0,133.503,7.05056,0.891734,0.0232384,3.86085,0.0289391,33547.2,311.261,0.0421882,0.00849373,0.0423551,0.00862261,0.0666901,0.00744456,0,0,0.00495602,0.001999,,,232.6,20.3544,0.883003,0.0276803,,,2910,136.094,520.154,26.7288,0.154886,0.0104692,inf,,3852.2,388.154,0.731977,0.0289835,,,,,10233.8,2794.88,1874.45,527.694,0.593334,0.0193823,0.0118919,0.0168229,inf,,0.294858,0.0267761,170.667,15.0757,106.073,67.1689,0.752187,0.0180316,0.925739,0.00638745,0.812574,0.0210618,0,0,0.111626,0.00269193,62.8,5.6745,0.0425099,0.0137853,0.0334686,0.0102924,0.0243998,0.0168754,0.198534,0.0431083,354.6,21.1258,1586,23.435,0.53657,,5.8,0.447214,0.532367,0.0360774,0.541841,0.00355706,0.545437,0.0158817,6365.4,532.559,30081.2,1853.63,911,77.6949,0.35008,0.00746667,19.8575,1.39317,3.2303,0.36602,1.69247,0.128265,0.256067,0.00357434,55.4435,3.39079,,,,,,,,,,,,7,,,,,,0.161494,0.0344618,2.66925,0.445018,FAIL,FAIL,pass,pass,n/a,,,,,
live-half-life,2,5,,,500,3,1.58114,60,0,82356.8,4380.3,0.96835,0.00186192,0.995286,0.00148712,9.52894,0.151835,27.4371,0.531874,9.44454,0.133859,34.8,1.92354,3.4,0.547723,353.621,19.6046,0.92438,0.00824859,3.90168,0.010436,33408,0,0.0309447,0.00597706,0.0309806,0.00600359,0.0730903,0.00665554,0,0,0.000701513,0.000189031,,,238,18.9737,0.971614,0.0209669,,,7115.2,429.098,512.996,20.7986,0.089495,0.00261315,inf,,5036.2,719.313,0.783186,0.0111342,,,,,10541.4,1278.3,773.132,81.7124,0.4435,0.0115302,0,0,inf,,0.160416,0.0167692,314.305,31.3035,99.6992,65.5903,0.914383,0.00453513,0.98977,0.00110664,0.923834,0.00464335,0,0,0.0596343,0.00133077,151.2,6.72309,0.0449372,0.00802314,0.0312044,0.00595166,0.015516,0.00850175,0.215912,0.0191759,866.2,32.668,3925,42.4087,0.499618,,6,0,0.501726,0.0111228,0.534633,0.00402094,0.539439,0.0069392,21921.8,1521.89,104434,4550.57,3231.6,186.059,0.21712,0.00980511,7.27983,0.273358,3.46312,0.181361,1.85914,0.0525497,0.25175,0.0030037,124.743,8.45628,,,,,,,,,,,,7,,,,,,0.037931,0.0237743,1.28075,0.336863,pass,FAIL,pass,FAIL,pass,,,,,
live-half-life,3,5,,,100,3,1.58114,60,0,15405.6,1607.25,0.704218,0.0517061,0.841833,0.047786,34.7998,6.31906,inf,,24.9595,1.73345,7.2,0.83666,2.4,0.547723,49.9517,8.6904,0.859476,0.0368025,3.82143,0.0442704,33408,0,0.0609495,0.025257,0.0613266,0.0252582,0.0609195,0.0118826,0,0,0.0295836,0.0157074,,,239.6,14.5877,0.614514,0.0881732,,,1097,158.202,396.142,59.5044,0.228382,0.0128528,59.9706,5.58523,2429.4,367.582,0.619498,0.0583876,,,,,2709.6,1251.04,1019.09,480.737,0.636361,0.0345744,0.0589957,0.0108057,873.119,176.026,0.38493,0.0480804,131.611,17.19,101.547,52.5994,0.474448,0.0418027,0.753506,0.0415017,0.629049,0.0292304,0.0049167,0.00896578,0.156965,0.0135666,29.8,1.30384,0.0526444,0.0115223,0.0331788,0.00456146,0.054967,0.0174985,0.190633,0.0726064,175,12.1861,744,11.5195,0.510753,,6.4,0.547723,0.513728,0.0372493,0.550583,0.0140977,0.544417,0.017221,1886.2,287.064,8821.8,1174.46,262.6,49.687,0.444127,0.0366633,43.453,2.47945,3.17962,0.539944,1.39239,0.230227,0.254736,0.00593805,28.6445,3.33701,,,,,,,,,,,,14,,,,,,0.412644,0.230131,4.8908,0.521975,FAIL,FAIL,pass,pass,n/a,,,,,
live-half-life,4,5,,,200,3,1.58114,60,0,33229.6,1510.13,0.886779,0.00828239,0.966056,0.00522799,17.3694,0.920438,65.0247,4.40063,16.292,0.669794,15.2,0.83666,3,0,132.821,6.55431,0.886022,0.0248091,3.85379,0.0307319,33547.2,311.261,0.0476018,0.0164997,0.0478766,0.016675,0.10567,0.00908248,0,0,0.00560163,0.00234279,,,231.8,14.4465,0.876452,0.0473194,,,2847.6,136.529,508.77,19.5038,0.161028,0.00884786,174.151,,3926,444.422,0.71332,0.0286067,,,,,9435.4,2554.2,1724.72,470.911,0.591845,0.0268586,0.0167394,0.0156536,2132.59,,0.287078,0.0260819,175.343,16.1843,104.181,47.9064,0.759055,0.0198808,0.923329,0.00460698,0.822135,0.0234056,0,0,0.10974,0.0055861,59.4,2.96648,0.0490309,0.00716432,0.0330956,0.00886986,0.0633547,0.0184459,0.20167,0.0447582,354.6,21.1258,1571,20.1172,0.518141,,6,0,0.522528,0.0212334,0.553359,0.00471842,0.560677,0.00560701,6348.4,531.811,30123,1639.74,944,67.5093,0.328142,0.00884969,29.5529,0.859935,4.65287,0.427303,1.71291,0.129347,0.258668,0.00642796,62.1858,4.31617,,,,,,,,,,,,14,,,,,,0.191379,0.162243,2.73966,0.408131,FAIL,FAIL,pass,pass,n/a,,,,,
live-half-life,5,5,,,500,3,1.58114,60,0,82288.2,4337.64,0.967655,0.00131011,0.994578,0.00142881,9.95881,0.136857,28.5097,0.545382,9.90429,0.16079,35.2,2.04939,3.6,0.547723,353.372,19.1255,0.921567,0.00840725,3.89814,0.010632,33408,0,0.0311063,0.00421924,0.0311602,0.00425353,0.122791,0.0107279,0,0,0.000835611,0.000325713,,,231.8,18.4581,0.972757,0.0217162,,,7134,422.967,514.334,19.6646,0.0893781,0.00546445,inf,,5198.2,829.914,0.768933,0.0113393,,,,,9922.6,1585.26,725.071,105.052,0.438316,0.0100674,0,0,inf,,0.16192,0.0196054,312.368,36.9835,107.72,91.1153,0.906272,0.00740063,0.990536,0.00177589,0.914928,0.00668883,0,0,0.0591917,0.00287421,142.8,5.54076,0.0501518,0.00793075,0.0320117,0.00564897,0.0450151,0.0166457,0.22054,0.0186241,866.2,32.668,3938,37.2666,0.502793,,6.2,0.447214,0.503732,0.00962324,0.549438,0.00383987,0.556937,0.00428492,22152.8,1440.61,104811,4591.99,3302,253.933,0.188564,0.0072715,11.7906,0.47444,5.00832,0.240967,1.8683,0.0597063,0.251007,0.00679902,136.442,8.41435,,,,,,,,,,,,14,,,,,,0.0465517,0.0292271,1.34914,0.516911,pass,FAIL,pass,pass,pass,,,,,
live-half-life,6,5,,,100,3,1.58114,60,0,15326.6,1723.18,0.699283,0.0478956,0.839153,0.0413949,35.5123,5.75494,inf,,25.1684,1.6209,7.2,0.83666,2.2,0.447214,49.4828,8.92475,0.851233,0.0397244,3.81149,0.0474481,33408,0,0.0548791,0.00976242,0.0551125,0.00987346,0.0754849,0.0145089,0,0,0.0274638,0.00651257,,,237.6,12.973,0.615207,0.0802121,,,1113.4,213.927,401.897,78.9444,0.233569,0.024593,62.6573,12.1564,2550,606.852,0.613668,0.0565332,,,,,2579.8,1313.48,971.161,502.127,0.627515,0.0257221,0.0584847,0.0145275,901.057,234.114,0.402696,0.0704317,127.29,22.4649,118.99,63.4789,0.469575,0.0426833,0.747519,0.0444287,0.627571,0.0300208,0.00350877,0.00784585,0.14524,0.0125825,30.4,1.81659,0.0730385,0.00966348,0.0471479,0.00917865,0.0997039,0.0283113,0.180422,0.0654084,175,12.1861,735,13.6565,0.552381,,5.8,0.447214,0.5409,0.0236373,0.555661,0.00897661,0.562916,0.0233335,1843.8,324.128,8634,1141.26,278.6,63.6734,0.43194,0.0184036,52.5288,1.68745,5.00885,0.952534,1.40685,0.235902,0.256082,0.00699739,30.3148,3.97441,,,,,,,,,,,,30,,,,,,0.338793,0.0895796,4.82759,0.688239,FAIL,FAIL,pass,pass,n/a,,,,,
live-half-life,7,5,,,200,3,1.58114,60,0,33257,1517.97,0.885131,0.00990347,0.964212,0.00561287,18.6324,1.13645,67.0377,4.62788,17.5074,1.0392,15.2,0.83666,3,0,132.9,6.85589,0.881412,0.0283069,3.84815,0.0348994,33547.2,311.261,0.0521985,0.0215475,0.0525559,0.0217584,0.136537,0.0111095,0,0,0.0062692,0.00279208,,,237.8,14.6867,0.862681,0.0290909,,,2895,159.338,517.213,23.6865,0.160965,0.0101012,149.806,,4152.4,352.68,0.69175,0.0339609,,,,,9447.6,3048.34,1735.23,587.906,0.595056,0.0212466,0.0174229,0.016023,1865.39,,0.295387,0.0225758,170.063,12.9987,87.3807,39.4903,0.761815,0.008407,0.923396,0.00785924,0.825021,0.00693746,0,0,0.108773,0.00329483,58.6,1.94936,0.0513083,0.00539941,0.0370856,0.00463672,0.0931267,0.0209201,0.187466,0.0401743,354.6,21.1258,1577,24.3167,0.509829,,6,0.707107,0.515525,0.0367509,0.567625,0.0029492,0.575732,0.00815358,6388.8,520.429,30230.8,1883.72,957.6,74.8251,0.306015,0.0131859,38.0332,1.45029,7.47296,0.771869,1.65846,0.133835,0.264683,0.00664755,70.9201,5.15744,,,,,,,,,,,,30,,,,,,0.240517,0.206975,3.04713,0.268648,FAIL,FAIL,pass,pass,n/a,,,,,
live-half-life,8,5,,,500,3,1.58114,60,0,82310.4,4206.03,0.967129,0.00195512,0.994193,0.00140356,10.102,0.0288436,29.7257,0.663142,10.0861,0.0276782,35.2,1.78885,4,0,353.883,18.6172,0.916421,0.009616,3.89161,0.0121034,33408,0,0.0339559,0.00314036,0.0341535,0.0031349,0.175102,0.0152749,0,0,0.00098273,0.000178344,,,235,19.5959,0.972024,0.0174522,,,7138.4,443.986,514.611,20.5868,0.0895291,0.00513057,inf,,5534,781.671,0.738142,0.0194184,,,,,8744.6,1326.05,641.019,93.1097,0.433367,0.0159581,0,0,inf,,0.167593,0.0128182,299.695,22.1666,86.7436,51.8794,0.910895,0.00480205,0.989164,0.00116797,0.920873,0.0047358,0,0,0.0598226,0.00180775,141.4,4.09878,0.0558092,0.00975178,0.039092,0.00405363,0.0779822,0.0245022,0.227379,0.0162359,866.2,32.668,3931,38.4018,0.512847,,6,0,0.510778,0.0131041,0.566728,0.00261301,0.578195,0.00230249,22241.2,1379.84,105844,4666.34,3322.4,245.933,0.152303,0.00506344,17.0169,0.702301,8.42877,0.537608,1.83332,0.0577609,0.24589,0.00447355,152.361,9.84648,,,,,,,,,,,,30,,,,,,0.0456897,0.0293645,1.41379,0.446342,FAIL,FAIL,pass,pass,FAIL,,,,,
live-half-life,9,5,,,100,3,1.58114,60,0,15359.6,1592.28,0.700165,0.0482548,0.837654,0.0468664,36.0329,5.72751,inf,,25.6806,1.37171,7,0.707107,2.4,0.547723,49.5414,8.43314,0.855955,0.0375395,3.81717,0.0451981,33408,0,0.0589679,0.0145425,0.0594468,0.0147162,0.0824353,0.0153525,0,0,0.0287655,0.00993632,,,233.8,3.42053,0.623934,0.0919501,,,1114.4,189.997,402.247,69.7253,0.230904,0.0108891,65.459,7.61389,2501.8,383.801,0.599833,0.0629777,,,,,2588.2,1516.28,971.611,585.64,0.633763,0.0317728,0.0540268,0.0121555,967.743,235.207,0.391787,0.0854581,132.043,25.6686,105.562,50.0402,0.487326,0.0459684,0.748079,0.0393981,0.650313,0.0302505,0.00333333,0.00745356,0.146554,0.0084519,28.6,1.51658,0.0594631,0.00787138,0.0522696,0.0118912,0.0754023,0.0246181,0.183014,0.0647503,175,12.1861,734,14.0784,0.56267,,5.6,0.547723,0.548655,0.0304159,0.56216,0.00677617,0.574832,0.0105773,1877,298.352,8772.4,1184.48,272.8,52.2561,0.421269,0.029122,55.1769,3.66467,8.3425,1.6809,1.41124,0.25616,0.254441,0.0094293,31.5735,2.84098,,,,,,,,,,,,60,,,,,,0.428161,0.211248,4.73362,0.660601,FAIL,FAIL,pass,pass,n/a,,,,,
live-half-life,10,5,,,200,3,1.58114,60,0,33235.2,1500.62,0.883644,0.00889697,0.962817,0.00555414,19.0449,0.698264,67.2287,4.07428,17.8866,0.792223,15.2,0.83666,3,0,132.7,6.58082,0.878695,0.0254008,3.84475,0.0313341,33547.2,311.261,0.0513773,0.0151683,0.0516281,0.0153942,0.148451,0.0141237,0,0,0.00607383,0.00212379,,,233.8,14.6867,0.878657,0.0339841,,,2892.8,152.163,516.913,25.0987,0.162495,0.00681265,160.986,,4275.8,331.887,0.678498,0.0225692,,,,,9265,2989.28,1693.43,557.89,0.582059,0.019411,0.0174433,0.0163526,2147.35,,0.292168,0.0143904,171.47,8.51575,123.131,118.926,0.754591,0.0230017,0.923434,0.00525928,0.817229,0.0272851,0,0,0.108321,0.00505595,56.2,2.58844,0.0569028,0.00686847,0.0450525,0.00523606,0.0630677,0.0166959,0.196266,0.0374337,354.6,21.1258,1571,21.0286,0.506047,,6.2,0.447214,0.513116,0.0179579,0.571776,0.00203199,0.579076,0.00777498,6357.2,509.719,30205.6,1774.42,933.4,67.6521,0.296712,0.0108156,41.1627,2.5216,12.3885,1.17749,1.65026,0.152002,0.262457,0.00360574,75.9757,5.78611,,,,,,,,,,,,60,,,,,,0.242241,0.111726,2.90833,0.23658,FAIL,FAIL,pass,pass,n/a,,,,,
live-half-life,11,5,,,500,3,1.58114,60,0,82266.8,4337.24,0.966334,0.00223084,0.993997,0.00146443,10.1414,0.0194658,30.5095,0.840222,10.1255,0.0188261,35.2,1.78885,4,0,353.445,19.3853,0.91622,0.00963422,3.89136,0.0121267,33408,0,0.0348539,0.00489006,0.0349318,0.00490572,0.205753,0.0222114,0,0,0.00113481,0.000299258,,,236,18.5876,0.972358,0.0233025,,,7152,410.124,515.662,19.056,0.0884132,0.00340994,inf,,5872.4,932.747,0.71691,0.018924,,,,,8548,1365.07,625.924,96.0756,0.430087,0.0137088,0,0,inf,,0.165352,0.0162457,304.603,28.2737,96.2554,87.1651,0.906042,0.00774981,0.989503,0.00195802,0.915648,0.00678769,0,0,0.0581276,0.00204166,141,6.36396,0.0612364,0.00508441,0.0508722,0.00306409,0.0505809,0.017828,0.221309,0.0184208,866.2,32.668,3937,38.3771,0.518923,,5.8,0.447214,0.514419,0.00331841,0.576676,0.0025551,0.589403,0.00373782,22223.6,1424.51,106206,5102.46,3298.6,257.242,0.12958,0.00571156,19.2196,0.988262,14.6662,0.830102,1.8398,0.0575935,0.242092,0.00546833,164.397,11.7036,,,,,,,,,,,,60,,,,,,0.0359195,0.015307,1.53305,0.425842,FAIL,FAIL,pass,pass,FAIL,,,,,
live-half-life,12,5,,,100,3,1.58114,60,0,15374.4,1690.11,0.702765,0.044925,0.839234,0.0414767,35.6576,5.62184,inf,,25.5522,1.67308,7.2,0.83666,2.2,0.447214,49.8517,8.53466,0.851656,0.0371525,3.81195,0.0447497,33408,0,0.0561063,0.0126952,0.0565014,0.012626,0.0821061,0.0164827,0,0,0.0267306,0.00767797,,,236.2,3.89872,0.634144,0.0708225,,,1090.6,199.62,393.672,73.5075,0.228382,0.0164806,62.6925,13.4897,2511,486.436,0.612496,0.0594835,,,,,2256,1020.7,841.117,387.334,0.625535,0.0380756,0.059738,0.0189805,920.563,330.606,0.397902,0.0892898,131.258,31.3569,116.203,82.8382,0.503974,0.0479519,0.747479,0.0415238,0.673258,0.032064,0.00261438,0.00584593,0.144842,0.0113281,28.4,1.67332,0.0613664,0.0277779,0.0605275,0.0148485,-0.00164722,0.0100406,0.172218,0.0630626,175,12.1861,736,12.6965,0.557065,,6.2,1.09545,0.543754,0.0467041,0.565239,0.00748088,0.58266,0.0113927,1862.6,296.878,8824.6,1205.5,270.2,46.7087,0.419635,0.0178861,55.4193,3.02231,11.5513,1.76404,1.37408,0.245683,0.253824,0.0134342,30.7787,2.43359,,,,,,,,,,,,90,,,,,,0.397414,0.0788242,4.78276,0.388046,FAIL,FAIL,pass,pass,n/a,,,,,
live-half-life,13,5,,,200,3,1.58114,60,0,33225,1514.34,0.883678,0.00953655,0.963911,0.00507181,19.1997,0.674879,67.4123,4.38846,18.2018,0.866503,15.2,0.83666,3,0,132.683,6.88044,0.878457,0.0267401,3.84448,0.0329988,33547.2,311.261,0.0486897,0.0126116,0.0489284,0.0126632,0.155013,0.0142786,0,0,0.00575358,0.00160223,,,237.8,7.12039,0.875547,0.0466662,,,2890.6,144.766,516.611,25.9341,0.159915,0.00663354,161.985,,4366.8,459.332,0.67343,0.0237467,,,,,10083.4,2967.24,1841.5,552.856,0.580592,0.0247578,0.0224657,0.013328,2046.98,,0.298091,0.0253439,168.801,15.712,128.154,105.678,0.751908,0.0225078,0.921176,0.0064896,0.816349,0.027809,0,0,0.106145,0.00442441,58,2.91548,0.0598782,0.00794987,0.0577074,0.00622024,0.00642339,0.00876741,0.20162,0.0383619,354.6,21.1258,1562,22.345,0.523047,,6,0,0.522906,0.0202182,0.574541,0.00376139,0.57604,0.0104733,6293.2,445.857,30227.2,1882.11,923.4,79.5129,0.29209,0.00899974,41.86,1.58932,16.9427,0.967277,1.65294,0.145582,0.259419,0.00739396,74.5759,5.8703,,,,,,,,,,,,90,,,,,,0.195977,0.0923382,2.89023,0.251799,FAIL,FAIL,pass,pass,n/a,,,,,
live-half-life,14,5,,,500,3,1.58114,60,0,82344.6,4261.81,0.966474,0.00188453,0.993855,0.00159997,10.1453,0.0272873,30.5923,0.620816,10.1283,0.02828,35.4,1.67332,4,0,353.872,18.9052,0.915445,0.00921381,3.89038,0.0115869,33408,0,0.0350216,0.00307866,0.0351772,0.00317715,0.209357,0.0229521,0,0,0.00105795,0.000251984,,,229.8,13.2552,0.975915,0.022879,,,7173.6,417.619,517.202,19.2365,0.0890413,0.00496742,inf,,5888.2,908.535,0.720517,0.0137598,,,,,8414.4,1658.96,615.678,116.47,0.429056,0.0151027,0,0,inf,,0.166915,0.0164135,301.689,27.1965,99.2,83.6355,0.908836,0.0104898,0.989388,0.00166524,0.918581,0.0100994,0,0,0.0583153,0.00275779,140.2,4.43847,0.0583267,0.00245462,0.0570068,0.00371562,-0.000930576,0.00782436,0.22052,0.0111128,866.2,32.668,3943,46.9606,0.519401,,5.8,0.447214,0.51489,0.0105915,0.577731,0.00186271,0.589248,0.00202361,22349,1451.09,106267,4610.76,3307.8,207.472,0.127073,0.00557337,19.5792,1.22781,20.9937,0.849316,1.84316,0.0516853,0.239598,0.0096087,166.383,12.33,,,,,,,,,,,,90,,,,,,0.0477011,0.0290109,1.42126,0.26294,FAIL,FAIL,pass,pass,FAIL,,,,,
live-lobby,0,5,,,100,3,1.58114,12,0,2639.4,148.052,0.85593,0.0131442,0.943454,0.00922969,15.8833,1.53557,85.3243,4.85434,13.2565,1.08717,6.8,0.447214,1.4,0.547723,84.4,7.40405,0.799688,0.055883,2.72828,0.0686885,5760,0,0.0157986,0.00606273,0.0161806,0.00632836,0.0386806,0.0103829,0,0,0.00347642,0.00116073,,,38.8,8.228,0.839926,0.0789846,,,150.2,11.5629,114.899,9.24664,0.190113,0.0381575,inf,,108,26.2583,0.809664,0.0507488,,,,,45.4,9.37017,35.6487,7.77244,0.301867,0.0599276,0,0,inf,,0.629784,0.164811,84.5102,25.03,29.8116,24.4142,0.693708,0.0399448,0.888609,0.0114163,0.780393,0.0373682,0,0,0.0864679,0.0110164,13.4,1.14018,0.084701,0.0467109,0.0995811,0.0332885,-0.0114724,0.0313559,0.114938,0.0641359,28.6,3.78153,100,2.91548,0.47,,inf,,0.392782,0.0873865,0.561744,0.00889916,0.564643,0.0303465,366.8,36.7315,1800.2,80.2041,58,5.2915,0.222823,0.00751273,15.3358,2.42432,4.75762,0.432009,0.535521,0.0915327,0.117072,0.00814663,2.8646,0.126057,,,,,,,,,,,,,,,,,,0.13,0.151566,3.00667,1.18415,FAIL,FAIL,pass,FAIL,n/a,,3,,,
live-lobby,1,5,,,200,3,1.58114,12,0,5498.6,357.63,0.9454,0.00416015,0.988921,0.00151771,10.1881,0.0583942,40.7983,3.81611,10.1592,0.0570673,13.6,0.547723,2,0,192.88,13.468,0.796761,0.0422703,2.72407,0.0526889,5784,53.6656,0.012619,0.00297606,0.012792,0.00309993,0.0500135,0.00645323,0,0,0.000654849,0.000195311,,,41.6,5.77062,0.928862,0.022301,,,326,39.1918,122.381,13.2416,0.133629,0.0322506,inf,,140,31.7254,0.832149,0.019532,,,,,23,6.36396,8.90645,2.42865,0.126507,0.0262076,0,0,inf,,0.462542,0.0593707,109.438,13.096,24.9782,15.0844,0.851253,0.0179756,0.978522,0.00758371,0.870046,0.0229665,0,0,0.0529408,0.00887126,31.2,2.86356,0.112315,0.0233287,0.117377,0.0161351,-0.0085661,0.00931041,0.124045,0.0140045,61,7.4162,201,6.30079,0.442786,,19,10.7005,0.366571,0.0466803,0.559809,0.00507282,0.573007,0.0182027,1032,80.6288,4847,371.253,148,16.1245,0.119089,0.0115417,8.41518,0.823627,5.79997,0.296897,0.619178,0.0448901,0.102709,0.00757022,4.63844,0.220999,,,,,,,,,,,,,,,,,,0.0633333,0.0427363,1.95833,0.310689,FAIL,FAIL,pass,FAIL,n/a,,3,,,
live-lobby,2,5,,,100,3,1.58114,12,0,2642.6,142.609,0.727595,0.02253,0.867239,0.0163619,32.0374,3.53866,inf,,23.9561,1.72913,7.4,0.547723,2,0,51.1,4.21189,0.868572,0.0485876,3.83285,0.0587215,5760,0,0.0276736,0.00679594,0.0280556,0.00741423,0.0606597,0.0111582,0,0,0.0134378,0.00276279,,,43.2,3.89872,0.656479,0.0666073,,,213,18.4391,162.787,12.7321,0.248364,0.0191224,inf,,219.2,46.5156,0.661923,0.0308313,,,,,111.4,24.9459,87.9828,19.9888,0.465904,0.0409129,0,0,inf,,0.864704,0.123802,58.7684,8.32128,32.831,13.521,0.511542,0.0667789,0.760985,0.0194842,0.671064,0.0759804,0,0,0.114892,0.00969883,13.6,0.894427,0.0215317,0.0170897,0.0206789,0.00732655,-0.00146098,0.0368269,0.140358,0.0715845,28.6,3.78153,98,2.40832,0.591837,,6.4,1.34164,0.5423,0.0649432,0.550585,0.0132896,0.544889,0.0240416,462.6,32.7154,2179.2,122.214,65.8,6.26099,0.328776,0.0214198,41.1225,4.09341,6.36499,0.336883,0.682384,0.0626559,0.252951,0.00962338,4.51365,0.356,,,,,,,,,,,,,,,,,,0.261667,0.249625,4.93,0.77564,FAIL,FAIL,pass,pass,n/a,,4,,,
live-lobby,3,5,,,200,3,1.58114,12,0,5423.2,384.9,0.885426,0.0178447,0.964449,0.0086586,17.3413,1.58618,64.9155,6.93181,16.2638,1.19733,14.2,0.83666,3,0,126.58,10.9491,0.869795,0.0308049,3.83391,0.0376941,5784,53.6656,0.0277268,0.00924358,0.0279004,0.00960848,0.0852289,0.011264,0,0,0.00312015,0.00133364,,,40.2,6.76018,0.903847,0.0236391,,,508.4,57.0289,191.003,20.9453,0.163028,0.0154644,inf,,297.8,57.7555,0.738808,0.0413913,,,,,136,43.7721,52.9266,17.5758,0.315065,0.0579083,0,0,inf,,0.551546,0.0554869,91.449,9.91668,27.0237,12.7196,0.731415,0.0323032,0.922207,0.0179554,0.792928,0.0249515,0,0,0.0795767,0.00393015,29.2,2.48998,0.0267934,0.0080032,0.0257784,0.00185355,-0.000233824,0.0237996,0.192728,0.0451511,61,7.4162,203,4.82701,0.600985,,6.8,2.04939,0.542152,0.0602369,0.557184,0.00436621,0.563036,0.00763382,1401.8,151.755,6550,602.864,207.6,42.4947,0.193123,0.018591,26.402,1.86861,8.38368,0.785151,0.88616,0.0964891,0.237883,0.00469462,8.20248,0.618206,,,,,,,,,,,,,,,,,,0.105,0.156636,2.62,0.669955,FAIL,FAIL,pass,pass,n/a,,4,,,
live-lobby,4,5,,,100,3,1.58114,12,0,2674.2,180.382,0.591103,0.0244392,0.756689,0.0336701,52.1735,3.98788,inf,,33.2041,1.33237,7.2,0.447214,3,0,32.74,3.37905,0.923387,0.0492401,4.9066,0.0586393,5760,0,0.0436111,0.0139956,0.0441667,0.0145443,0.0586111,0.0122593,0,0,0.031008,0.00516451,,,38.6,3.84708,0.455349,0.175092,,,254.2,22.3204,194.257,14.7951,0.234498,0.0273553,inf,,308,31.0886,0.538663,0.0206488,,,,,173.4,39.797,137.781,32.2655,0.516454,0.0426739,0.0468936,0.0666248,inf,,0.771421,0.089871,65.5017,7.36642,28.6933,9.72565,0.312457,0.0362207,0.636201,0.0217473,0.490043,0.0424376,0.0115485,0.0165371,0.132085,0.0101641,14.4,1.51658,0.0048716,0.00672357,0.00668798,0.00253321,-0.00893832,0.0218393,0.212081,0.0940119,28.6,3.78153,98,4.97996,0.683673,,4.8,1.48324,0.671575,0.0406825,0.557289,0.0106692,0.581567,0.0402329,486.6,49.3893,2240.8,195.628,71.4,4.72229,0.372976,0.0432642,63.3192,4.51555,7.1404,0.7312,0.82915,0.0954208,0.548817,0.013994,6.5477,0.765534,,,,,,,,,,,,,,,,,,0.43,0.241206,5.48,1.00422,FAIL,FAIL,FAIL,pass,n/a,,5,,,
live-lobby,5,5,,,200,3,1.58114,12,0,5468,347.554,0.815598,0.0271388,0.930238,0.0177976,24.72,2.3446,95.0781,17.2208,22.2112,1.27903,14.8,0.83666,4,0,92.08,8.31396,0.916827,0.0219494,4.89827,0.0263008,5784,53.6656,0.0436182,0.0157877,0.0438946,0.0160391,0.107817,0.0156234,0,0,0.00877966,0.00292207,,,41,5.33854,0.784974,0.0421477,,,650,50.9951,244.044,15.1121,0.19143,0.0180829,inf,,507,63.1625,0.654293,0.0364527,,,,,346,84.6256,134.335,33.0407,0.460322,0.0406686,0,0,inf,,0.632653,0.074217,79.9334,9.62476,36.8812,30.7967,0.611231,0.0390907,0.857748,0.0275494,0.712136,0.0281716,0,0,0.0932219,0.00480739,28,2.12132,0.00519143,0.00572612,0.00606934,0.000949018,0.000318774,0.0130915,0.260616,0.0735896,61,7.4162,207,5.02991,0.68599,,4.6,1.34164,0.651095,0.0756413,0.556429,0.00664722,0.561867,0.0129963,1679.2,172.665,7722.8,618.699,252.4,28.6932,0.254322,0.0178862,49.3596,3.67723,10.4508,0.764437,1.10145,0.111164,0.518232,0.00879921,13.1962,1.1113,,,,,,,,,,,,,,,,,,0.173333,0.154155,3.395,0.60417,FAIL,FAIL,pass,pass,n/a,,5,,,
live-lobby,6,5,,,200,3,1.58114,12,0,5531,384.36,0.879879,0.0171834,0.962483,0.00784009,18.3045,1.43621,66.5702,8.37178,17.1255,1.14907,14.4,0.894427,3,0,123.02,10.5481,1,0,4,0,5784,53.6656,0.0272619,0.00360248,0.0273313,0.0037209,0.0937741,0.0174241,0,0,0.00414497,0.00154738,,,41.6,7.4027,0.870185,0.0750526,,,529.2,51.4655,198.584,15.1743,0.171051,0.0242895,inf,,344,65.0192,0.723184,0.0395482,,,,,183.4,44.7247,70.887,17.2497,0.360824,0.0302314,0,0,inf,,0.573603,0.0785192,88.5576,12.7557,33.2283,21.8517,0.722683,0.0345768,0.918009,0.0129612,0.786974,0.0284674,0,0,0.0806899,0.00575284,28.2,1.92354,0.0110541,0.00793479,0.0195219,0.00513697,-0.00628624,0.0137906,0.200622,0.0487195,61,7.4162,210,6.20484,0.671429,,5.4,2.07364,0.526895,0.0389139,0.554695,0.00825579,0.557485,0.015578,1467.6,178.026,6800,621.019,215.6,33.4111,0.208128,0.0164943,29.4153,2.66468,8.7724,0.837179,0.91271,0.125742,0.30797,0.0163738,6.26397,0.501268,,,,,,,,,,,,,,,,,,0.065,0.0635741,3.06667,1.57742,FAIL,FAIL,pass,pass,n/a,,,0,,
live-lobby,7,5,,,200,3,1.58114,12,0,5497.8,369.479,0.934267,0.0110645,0.985149,0.00348052,11.8213,0.951685,45.9295,4.67867,11.4605,0.825829,14.2,1.09545,2,0,164.28,12.1226,0.200227,0.0169932,3.15813,0.0141822,5784,53.6656,0.014983,0.00488546,0.0151913,0.00515648,0.0694877,0.010359,0,0,0.000856032,0.000446265,,,39.2,3.42053,0.932603,0.0511731,,,396.2,51.0559,148.615,16.2852,0.143262,0.0321827,inf,,199.2,43.2747,0.758208,0.0218826,,,,,56.2,16.9027,21.7864,6.6765,0.212231,0.0464771,0,0,inf,,0.517659,0.0990901,99.3861,18.5034,26.0202,11.3613,0.820037,0.030211,0.960697,0.0124575,0.853385,0.0210129,0,0,0.0646166,0.00645412,29,1.58114,0.0555343,0.0147917,0.060489,0.00638883,0.00497591,0.0169934,0.16732,0.0454427,61,7.4162,199,7.56307,0.442211,,13,,0.429505,0.030048,0.556429,0.0100256,0.566977,0.00679954,1207.8,136.311,5711,487.222,185.4,26.2545,0.153115,0.0257659,14.3079,2.72347,7.02905,0.553504,0.744968,0.0935299,0.19904,0.0090369,5.65819,0.415952,,,,,,,,,,,,,,,,,,0.035,0.0613505,2.05167,0.448276,FAIL,FAIL,pass,FAIL,n/a,,,1,,
live-more-weight,0,5,,,,3,1.58114,12,0,5470.8,407.036,0.884763,0.0184096,0.963743,0.00836656,17.2522,1.40534,66.049,8.90565,16.094,1.03842,14.2,0.83666,3,0,127.34,11.4093,0.877662,0.0315983,3.84359,0.0391462,5784,53.6656,0.0247754,0.00804314,0.0249823,0.00809932,0.0849915,0.0143194,0,0,0.00283133,0.000434821,,,38,5.24404,0.895411,0.0643337,,,482.2,66.6911,181.07,23.7618,0.155737,0.0196609,inf,,304.8,79.3706,0.734601,0.0484686,,,,,130.2,30.9144,50.543,12.6517,0.318321,0.0502835,0,0,inf,,0.579121,0.0661433,87.2876,10.398,30.9181,16.9107,0.730776,0.0239642,0.919648,0.0204377,0.794528,0.0132183,0,0,0.0737461,0.00959145,29.2,2.86356,0.0304559,0.0104358,0.0257881,0.00493899,-0.00388207,0.0174422,0.199542,0.0501407,61,7.4162,209,6.53452,0.588517,,6.6,2.70185,0.528251,0.0468246,0.558996,0.00718113,0.555487,0.0157175,1406.6,152.965,6691.2,612.223,207,26.9722,0.183984,0.0185896,25.4814,2.92877,8.48242,0.817298,0.878196,0.0882647,0.255593,0.00505011,8.75402,0.674684,,,,,,,,,,,,,,30,,,,0.09,0.113254,2.575,0.504149,FAIL,FAIL,pass,pass,n/a,,,,30,
live-more-weight,1,5,,,,3,1.58114,12,0,5497.6,403.922,0.867755,0.0203646,0.946894,0.0114464,22.5933,1.04784,80.2072,8.57612,21.2038,0.571396,15,1,3,0,124.32,11.1918,0.899254,0.0257721,3.87726,0.0303089,1928,17.8885,0.0270536,0.00466103,0.0274702,0.00495208,0.0809949,0.00947581,0,0,0.00313449,0.000704917,,,36.6,5.72713,0.854854,0.0426467,,,500,50.4133,187.633,15.2442,0.190158,0.00876363,inf,,346.4,44.0772,0.699986,0.055163,,,,,124.6,34.9042,48.3608,13.9487,0.325735,0.0449115,0,0,inf,,0.640811,0.0837297,78.9878,9.23426,30.0202,17.1427,0.688224,0.0263488,0.907183,0.0180076,0.758475,0.0172959,0,0,0.0852597,0.00990758,27.4,1.51658,0.0274157,0.0152936,0.0238951,0.00439166,-0.00371657,0.01864,0.205217,0.0339229,61,7.4162,197,6.58027,0.583756,,8,,0.546793,0.0248382,0.571006,0.00912431,0.596,0.016577,1415.6,157.576,6580.6,609.567,211.2,32.8588,0.162672,0.0118387,21.3452,1.71368,8.45979,0.853934,0.883285,0.164241,0.32526,0.0150681,3.45535,0.281012,,,,,,,,,,,,,,30,,,,0.075,0.0637377,2.425,0.85641,FAIL,FAIL,pass,pass,n/a,,,,900,
live-more-weight,2,5,,,,3,1.58114,12,0,5423.2,384.9,0.885426,0.0178447,0.964449,0.0086586,17.3413,1.58618,64.9155,6.93181,16.2638,1.19733,14.2,0.83666,3,0,126.58,10.9491,0.869795,0.0308049,3.83391,0.0376941,5784,53.6656,0.0277268,0.00924358,0.0279004,0.00960848,0.0852289,0.011264,0,0,0.00312015,0.00133364,,,40.2,6.76018,0.903847,0.0236391,,,508.4,57.0289,191.003,20.9453,0.163028,0.0154644,inf,,297.8,57.7555,0.738808,0.0413913,,,,,136,43.7721,52.9266,17.5758,0.315065,0.0579083,0,0,inf,,0.551546,0.0554869,91.449,9.91668,27.0237,12.7196,0.731415,0.0323032,0.922207,0.0179554,0.792928,0.0249515,0,0,0.0795767,0.00393015,29.2,2.48998,0.0267934,0.0080032,0.0257784,0.00185355,-0.000233824,0.0237996,0.192728,0.0451511,61,7.4162,203,4.82701,0.600985,,6.8,2.04939,0.542152,0.0602369,0.557184,0.00436621,0.563036,0.00763382,1401.8,151.755,6550,602.864,207.6,42.4947,0.193123,0.018591,26.402,1.86861,8.38368,0.785151,0.88616,0.0964891,0.258363,0.00567703,8.86741,0.598106,,,,,,,,,,,,,,60,,,,0.105,0.156636,2.62,0.669955,FAIL,FAIL,pass,pass,n/a,,,,30,
live-more-weight,3,5,,,,3,1.58114,12,0,5492.8,383.803,0.861924,0.0183899,0.945298,0.012459,22.7523,1.53623,82.1499,10.2931,21.3857,1.29814,14.4,0.894427,3,0,123.22,10.3734,0.903504,0.0260828,3.88596,0.0309304,1928,17.8885,0.0266964,0.0120948,0.0267985,0.0120034,0.0825914,0.00904107,0,0,0.00447543,0.00320202,,,41.2,5.06952,0.859749,0.0963161,,,500,37.1753,187.732,10.8895,0.195406,0.0143856,inf,,403,89.9639,0.692942,0.0485691,,,,,135,26.7301,52.2959,10.2347,0.30991,0.0507169,0,0,inf,,0.659578,0.0646296,76.3744,7.26863,34.1855,27.098,0.671027,0.0347022,0.904846,0.0154009,0.741624,0.0374477,0,0,0.0843061,0.00641991,29.4,1.14018,0.0249416,0.0107593,0.0259486,0.00303224,0.00764429,0.0229589,0.217845,0.029741,61,7.4162,211,4.65833,0.56872,,8.8,2.86356,0.531806,0.0196702,0.571919,0.00660322,0.594333,0.00949697,1399,168.256,6517,579.469,212.8,33.715,0.164144,0.0220576,21.872,2.78993,8.33302,0.78683,0.912154,0.142732,0.333934,0.0192679,3.5482,0.260578,,,,,,,,,,,,,,60,,,,0.11,0.0961769,2.81,0.896103,FAIL,FAIL,pass,pass,n/a,,,,900,
live-more-weight,4,5,,,,3,1.58114,12,0,5460.4,379.962,0.885345,0.0161817,0.965208,0.00814539,17.2382,1.12939,64.7193,5.81898,16.1945,0.800053,14.2,0.83666,3,0,127.28,10.5362,0.876026,0.0322729,3.84159,0.0398295,5784,53.6656,0.0234701,0.0042697,0.0239534,0.00491376,0.0861175,0.0137375,0,0,0.00297179,0.001191,,,42.2,3.03315,0.885223,0.0672674,,,500.2,62.0258,187.829,21.6642,0.168925,0.0104517,inf,,311.6,45.0589,0.724183,0.0213591,,,,,144.4,30.3447,56.5174,11.7367,0.333171,0.0454644,0,0,inf,,0.561376,0.049794,89.6797,8.6549,32.7233,17.1532,0.732832,0.0163772,0.91895,0.0155711,0.79751,0.0148266,0,0,0.0734048,0.0050102,27.8,2.04939,0.0221892,0.0162361,0.0235762,0.00385249,-0.00459386,0.020376,0.185309,0.0462779,61,7.4162,203,4.72229,0.576355,,6,0.707107,0.538423,0.0609674,0.561272,0.00690276,0.554276,0.0230184,1404.8,121.941,6613,598.292,209.8,32.5837,0.194725,0.0148116,26.7354,1.76341,8.58136,0.627754,0.89436,0.100287,0.255968,0.0116226,8.87474,0.783028,,,,,,,,,,,,,,120,,,,0.146667,0.0838733,2.805,0.669281,FAIL,FAIL,pass,pass,n/a,,,,30,
live-more-weight,5,5,,,,3,1.58114,12,0,5455.8,336.089,0.865011,0.019208,0.949241,0.0103487,22.7257,1.19079,79.7797,7.55327,21.3793,0.939197,14.6,1.14018,3,0,122.72,9.56462,0.910084,0.0235228,3.89162,0.0247559,1928,17.8885,0.0198639,0.00996099,0.0199681,0.0100441,0.0823682,0.00921997,0,0,0.002764,0.00189254,,,43,7.10634,0.845604,0.0287494,,,508.2,49.937,190.791,16.0449,0.17958,0.0197899,inf,,336.6,38.0039,0.728043,0.042184,,,,,132.4,16.4712,51.5051,5.72115,0.313612,0.0303089,0,0,inf,,0.608221,0.0584808,82.796,7.67657,32.0671,18.3027,0.680828,0.0395537,0.900415,0.0187469,0.75583,0.0334206,0,0,0.0878589,0.00301946,28.2,1.30384,0.0199829,0.00638526,0.0230367,0.00337986,-0.00623268,0.0238804,0.195062,0.0335242,61,7.4162,208,5.31977,0.591346,,6.6,1.14018,0.526692,0.0504255,0.571477,0.00478695,0.599454,0.017728,1394,98.3234,6516.6,556.97,214,19.0263,0.159977,0.0110292,22.2698,2.03192,8.40562,0.491923,0.863012,0.064806,0.323655,0.0264638,3.45952,0.225065,,,,,,,,,,,,,,120,,,,0.105,0.145129,3.005,0.690426,FAIL,FAIL,pass,pass,n/a,,,,900,
live-more-weight,6,5,,,,3,1.58114,12,0,5498.2,413.516,0.890031,0.0203979,0.966304,0.00957664,17.3638,1.37365,63.409,7.76822,16.3041,1.09166,14.2,0.83666,3,0,128.92,11.9615,0.873006,0.029322,3.83782,0.0359437,5784,53.6656,0.0219345,0.00489558,0.0221776,0.00515674,0.0867453,0.0130809,0,0,0.00309324,0.000934507,,,41,2,0.884568,0.0836387,,,495.8,59.4828,186.163,20.4228,0.166913,0.0107683,inf,,299,22.9674,0.758329,0.0337111,,,,,145.6,21.9499,56.3944,8.34188,0.336756,0.0315102,0,0,inf,,0.591685,0.0509495,84.9971,7.15651,32.5525,18.1107,0.745028,0.0511276,0.921807,0.020527,0.807615,0.0392507,0,0,0.0780488,0.00810158,28,1.41421,0.0159587,0.0121399,0.0226857,0.00527854,-0.0158347,0.0162422,0.191185,0.0398594,61,7.4162,203,6.22896,0.522167,,11.6,5.68331,0.51191,0.0527313,0.557709,0.00998471,0.554077,0.0293428,1419.2,159.705,6734.6,687.928,211.4,30.8675,0.19274,0.0245357,25.9134,3.41082,8.52355,0.797224,0.883896,0.115363,0.254732,0.00447518,8.89218,0.735587,,,,,,,,,,,,,,240,,,,0.105,0.109386,2.69667,0.86222,FAIL,FAIL,pass,pass,n/a,,,,30,
live-more-weight,7,5,,,,3,1.58114,12,0,5462.8,365.191,0.866403,0.0186108,0.947513,0.0114213,22.7478,1.20649,83.3065,9.28992,21.3189,0.783552,14.8,0.83666,3,0,123.34,10.4333,0.902758,0.0207874,3.88192,0.0237024,1928,17.8885,0.023193,0.00617984,0.0232972,0.00614539,0.0851679,0.014841,0,0,0.00283826,0.000829562,,,39.8,7.69415,0.862981,0.0451452,,,510.2,60.1432,191.404,18.8258,0.176388,0.0197049,inf,,340.6,39.3039,0.732499,0.0478391,,,,,130.2,28.9344,50.511,11.2948,0.321409,0.0456617,0,0,inf,,0.605325,0.0626315,83.3693,9.3257,32.0896,21.9367,0.680708,0.04437,0.909825,0.0195372,0.747785,0.0367798,0,0,0.093626,0.00605956,27.8,1.30384,0.0168465,0.00813518,0.0235141,0.00389435,-0.00310262,0.00834204,0.235415,0.0601895,61,7.4162,199,4.96991,0.527638,,9.8,3.27109,0.530652,0.0432118,0.569512,0.00959467,0.593909,0.0125792,1379.6,143.716,6444.4,613.206,216.6,26.4821,0.172788,0.0164309,23.1445,2.92897,8.35035,0.724456,0.870894,0.13056,0.332516,0.0270946,3.59005,0.269421,,,,,,,,,,,,,,240,,,,0.105,0.0778621,2.47,0.716633,FAIL,FAIL,pass,pass,n/a,,,,900,
live-more-weight,8,5,,,,3,1.58114,12,0,5485.8,415.231,0.883599,0.0191079,0.965766,0.00815489,17.4376,2.31548,64.1003,7.82918,16.4268,2.06459,14.2,1.30384,3,0,127.58,11.7312,0.878887,0.0203395,3.84491,0.0250878,5784,53.6656,0.0254301,0.00336053,0.0258425,0.00337919,0.0917007,0.00866177,0,0,0.00351842,0.00084283,,,42.6,4.15933,0.904918,0.0446731,,,500.2,75.0313,187.625,24.9167,0.164904,0.015764,inf,,300.4,49.0693,0.744907,0.0257586,,,,,149,40.0936,57.7782,15.6842,0.329215,0.0377055,0,0,inf,,0.578435,0.0745151,87.6254,11.5671,29.8294,20.0945,0.739796,0.0157255,0.917749,0.0162229,0.806122,0.0120424,0,0,0.0769444,0.00876212,29.6,2.70185,0.0277663,0.0089267,0.0272706,0.00895749,-0.0132018,0.0195717,0.182341,0.0552986,61,7.4162,205,6.12372,0.57561,,9,3.39116,0.535903,0.0425343,0.550546,0.0115501,0.559321,0.0185699,1438,160.829,6623.4,681.923,219.8,20.8135,0.203321,0.0201146,26.9012,2.60937,8.53262,0.864179,0.871583,0.134175,0.253816,0.00878405,8.82943,0.59973,,,,,,,,,,,,,,480,,,,0.136667,0.0995825,2.54833,0.776866,FAIL,FAIL,pass,pass,n/a,,,,30,
live-more-weight,9,5,,,,3,1.58114,12,0,5416,381.468,0.861344,0.022611,0.94212,0.0152101,22.8146,1.40496,83.1171,10.9861,21.2776,0.906096,14.4,0.894427,3,0,121.56,11.1044,0.903381,0.0182733,3.88402,0.0204488,1928,17.8885,0.0255378,0.00707012,0.0260523,0.00709644,0.0865349,0.00719683,0,0,0.00380957,0.00168102,,,37.6,4.03733,0.864306,0.106575,,,499.4,52.0989,187.448,16.5746,0.186413,0.0182761,inf,,333.2,47.7148,0.74508,0.0205449,,,,,131.6,42.7469,51.104,17.0051,0.307538,0.0410653,0,0,inf,,0.630647,0.0737426,80.2582,10.4641,34.4337,22.4746,0.670273,0.0485082,0.905321,0.017974,0.739806,0.0405355,0,0,0.0910657,0.0113224,27.8,2.58844,0.0236434,0.0135095,0.0249959,0.0077504,-0.00174942,0.0122006,0.216493,0.0450213,61,7.4162,199,8.10555,0.512563,,9,,0.520192,0.0459591,0.571288,0.00329946,0.595572,0.0181211,1362.6,132.623,6383,545.351,190.8,27.9589,0.165091,0.0148041,22.3837,1.61462,8.27552,0.659991,0.897865,0.0817888,0.31502,0.0136551,3.44125,0.237127,,,,,,,,,,,,,,480,,,,0.1,0.0883883,2.3,0.466034,FAIL,FAIL,pass,pass,n/a,,,,900,
live-newcomer,0,10,,,,5.5,3.02765,12,0,5473.9,382.262,0.882129,0.0182874,0.963587,0.0104624,16.9427,1.55671,65.9107,8.95392,15.7939,1.21021,14.4,0.699206,3,0,126.43,10.63,0.892108,0.0183591,3.86126,0.02286,5760,56.5685,0.0230359,0.00430771,0.0230359,0.00430771,0.0776931,0.0119054,0,0,0.00319326,0.00108156,,,38.9,6.95142,0.89174,0.102793,,,486,55.5558,148.02,13.4166,0.161585,0.0252677,inf,,280.7,90.6851,0.719903,0.0531415,,,,,106.6,32.6197,33.7854,9.4792,0.23564,0.0253035,0,0,inf,,0.5249,0.0743098,96.9612,13.4903,36.957,23.5277,0.718342,0.0354072,0.919134,0.0143009,0.781359,0.0319584,0,0,0.0622244,0.00535664,33.7,2.05751,0.0331485,0.0129507,0.0356593,0.00636433,-0.0076789,0.0101238,0.186812,0.0601055,114.6,9.31188,767,7.18099,0.577575,,8.4,2.54733,0.550782,0.029382,0.548725,0.00520019,0.556098,0.0118054,1374.8,138.81,6511.5,649.497,201.5,22.8339,0.179776,0.014408,23.9243,2.19801,7.05478,0.604162,0.753981,0.0933615,0.242007,0.00585161,8.29896,0.60181,,,,,,,,,,,,,,,0,True,,0.0975,0.0739171,2.2775,0.617243,FAIL,FAIL,pass,pass,n/a,,,,,
live-newcomer,1,10,,,,5.5,3.02765,12,0,5473.9,382.262,0.882129,0.0182874,0.963587,0.0104624,16.9427,1.55671,65.9107,8.95392,15.7939,1.21021,14.4,0.699206,3,0,126.43,10.63,0.892108,0.0183591,3.86126,0.02286,5760,56.5685,0.0230359,0.00430771,0.0230359,0.00430771,0.0776931,0.0119054,0,0,0.00319326,0.00108156,,,38.9,6.95142,0.89174,0.102793,,,486,55.5558,148.02,13.4166,0.161585,0.0252677,inf,,280.7,90.6851,0.719903,0.0531415,,,,,106.6,32.6197,33.7854,9.4792,0.23564,0.0253035,0,0,inf,,0.5249,0.0743098,96.9612,13.4903,36.957,23.5277,0.718342,0.0354072,0.919134,0.0143009,0.781359,0.0319584,0,0,0.0622244,0.00535664,33.7,2.05751,0.0331485,0.0129507,0.0356593,0.00636433,-0.0076789,0.0101238,0.186812,0.0601055,114.6,9.31188,767,7.18099,0.577575,,8.4,2.54733,0.550782,0.029382,0.548725,0.00520019,0.556098,0.0118054,1374.8,138.81,6511.5,649.497,201.5,22.8339,0.179776,0.014408,23.9243,2.19801,7.05478,0.604162,0.753981,0.0933615,0.2441,0.00580891,8.18321,0.632369,,,,,,,,,,,,,,,0,False,,0.0975,0.0739171,2.2775,0.617243,FAIL,FAIL,pass,pass,n/a,,,,,
live-newcomer,2,10,,,,5.5,3.02765,12,0,5423.6,399.364,0.882538,0.0190187,0.964979,0.00961633,17.0032,1.75438,66.4879,8.17924,15.9022,1.41691,14.2,1.22927,3,0,125.38,11.2277,0.889286,0.0151727,3.85772,0.0187978,5760,56.5685,0.0254288,0.0100429,0.0257413,0.0102169,0.0791249,0.00938305,0,0,0.00290479,0.00155001,,,36.6,8.56608,0.887243,0.0720478,,,470.4,51.5217,143.276,12.2846,0.166804,0.0227479,inf,,258.1,45.6909,0.741145,0.0469886,,,,,116.1,38.8486,36.8397,11.6306,0.234238,0.0289564,0,0,inf,,0.54292,0.0589187,93.1727,11.1475,39.0755,24.6758,0.711655,0.0428209,0.917771,0.015528,0.774969,0.0351133,0,0,0.0592579,0.00932815,34,2.53859,0.0235964,0.007993,0.0373794,0.00797781,-0.0106245,0.0117969,0.198852,0.0680572,114.6,9.31188,775,9.30054,0.535484,,9.1,2.60128,0.537344,0.0267639,0.550203,0.00481336,0.550855,0.014755,1370.6,145.082,6444.6,695.46,196.3,24.2901,0.179272,0.0167387,24.687,2.48672,7.01044,0.518531,0.727077,0.0820397,0.246434,0.00711653,8.34676,0.570209,,,,,,,,,,,,,,,5,True,,0.124167,0.112796,2.27083,0.532903,FAIL,FAIL,pass,pass,n/a,,,,,
live-newcomer,3,10,,,,5.5,3.02765,12,0,5434.9,374.917,0.882193,0.01765,0.963391,0.0105234,17.2555,1.75913,65.7904,9.68484,16.0132,1.34357,14.2,0.918937,3,0,125.65,10.4257,0.88936,0.0204722,3.85788,0.0254052,5760,56.5685,0.0248203,0.0116795,0.0250981,0.0117275,0.0791249,0.00722987,0,0,0.00295623,0.00140382,,,38.9,5.66569,0.902133,0.0554897,,,470.8,56.2076,143.406,14.1095,0.166979,0.0172046,inf,,254.6,43.1591,0.734667,0.0327436,,,,,115.5,25.4875,36.7822,7.89499,0.236352,0.0182687,0,0,inf,,0.500244,0.067255,101.698,14.5441,39.1912,29.566,0.710571,0.040943,0.920835,0.0141964,0.771299,0.0344938,0,0,0.0630335,0.0085439,34.4,1.89737,0.0341538,0.0090081,0.0388812,0.00573828,-0.0102109,0.0174821,0.191738,0.0666416,114.6,9.31188,775,9.64077,0.541935,,8.9,2.33095,0.53841,0.0363981,0.553524,0.00791653,0.559218,0.014656,1391.6,146.441,6433.9,679.083,205.1,25.3791,0.173446,0.0200994,24.1677,2.66495,7.10852,0.563515,0.745584,0.101945,0.250658,0.00873889,8.36974,0.546356,,,,,,,,,,,,,,,5,False,,0.130833,0.0950999,2.24417,0.484068,FAIL,FAIL,pass,pass,n/a,,,,,
live-newcomer,4,10,,,,5.5,3.02765,12,0,5456.9,369.257,0.882731,0.0206656,0.963488,0.0133391,17.2842,1.80878,66.6268,10.3444,16.0966,1.32023,14.3,1.05935,3,0,126.05,10.9192,0.891885,0.0165345,3.86096,0.0205646,5760,56.5685,0.0264304,0.0104461,0.0267255,0.0106738,0.0792585,0.00930148,0,0,0.00322147,0.00193347,,,36.7,5.8319,0.879902,0.104013,,,474.5,56.9976,144.566,14.6568,0.165057,0.0334563,inf,,264.1,60.596,0.729449,0.0334771,,,,,97.3,22.1512,30.8147,6.55045,0.221938,0.0217272,0,0,inf,,0.545529,0.102083,94.5418,17.4549,43.2938,29.3995,0.710421,0.0495121,0.920878,0.0156475,0.771089,0.0460901,0,0,0.0606954,0.00629231,34.3,2.11082,0.0308244,0.012662,0.0367907,0.00554836,-0.0171282,0.0157991,0.196954,0.064007,114.6,9.31188,766,9.54754,0.56658,,9.7,3.653,0.544603,0.0384046,0.549178,0.00369028,0.552163,0.0189672,1402.5,150.663,6464.9,635.04,214.1,23.718,0.181417,0.0137203,25.0893,3.36234,7.09896,0.544633,0.772584,0.0811368,0.249676,0.00658893,8.50613,0.533024,,,,,,,,,,,,,,,10,True,,0.155,0.203867,2.47083,0.840261,FAIL,FAIL,pass,pass,n/a,,,,,
live-newcomer,5,10,,,,5.5,3.02765,12,0,5481.4,376.276,0.88628,0.0192976,0.964914,0.0112306,17.115,1.83473,64.3633,8.78763,16.0342,1.49192,14.5,0.849837,3,0,127.1,10.6866,0.892239,0.0209681,3.86146,0.0260842,5760,56.5685,0.0250744,0.0109474,0.0255088,0.0109433,0.0802819,0.0108777,0,0,0.00273197,0.00129856,,,37.9,4.38305,0.864724,0.11442,,,480,58.5112,146.282,15.5458,0.170173,0.0194792,inf,,271.2,53.9543,0.741199,0.0507715,,,,,111.4,26.2052,35.376,8.09662,0.233512,0.0239868,0,0,inf,,0.562394,0.0738577,90.1104,10.2354,41.4346,25.8564,0.727655,0.0396491,0.925624,0.0174588,0.785967,0.0361433,0,0,0.0597237,0.00396071,34,1.88562,0.0349043,0.00992444,0.0358327,0.00489591,-0.0105448,0.0133557,0.199779,0.0754873,114.6,9.31188,763,8.71844,0.558322,,9.4,3.20416,0.540289,0.0327301,0.550313,0.00533627,0.553796,0.0142805,1392.6,132.802,6549.6,675.487,200.6,16.9325,0.180564,0.0143499,24.6901,2.78183,7.07284,0.550917,0.766606,0.0672362,0.248848,0.0102482,8.523,0.72127,,,,,,,,,,,,,,,10,False,,0.12,0.10017,2.605,0.629033,FAIL,FAIL,pass,pass,n/a,,,,,
live-newcomer,6,10,,,,5.5,3.02765,12,0,5467.6,375.187,0.882644,0.0194143,0.964128,0.00959726,17.1269,1.53635,65.358,9.39198,15.9536,1.10659,14,0.816497,3,0,126.19,10.7811,0.895636,0.0180643,3.86564,0.0224841,5760,56.5685,0.0259966,0.00762409,0.0262223,0.00781601,0.0799479,0.00989437,0,0,0.00374814,0.00207767,,,38.3,8.69291,0.870428,0.0811296,,,473.9,54.5373,144.365,13.5607,0.164508,0.0123719,inf,,265.1,42.9249,0.730037,0.0419041,,,,,112.6,29.167,35.9372,9.22422,0.233843,0.0181238,0,0,inf,,0.510572,0.0692423,99.4036,12.2375,35.9929,19.5581,0.71366,0.0477356,0.920931,0.0173096,0.77457,0.0427358,0,0,0.0590367,0.00687046,34.2,2.85968,0.0325226,0.010939,0.0367105,0.00707913,-0.00267057,0.0170474,0.205778,0.07068,114.6,9.31188,794,10.1237,0.56927,,8.7,3.19896,0.551606,0.0393872,0.552652,0.00472786,0.558742,0.0116739,1407.7,149.634,6485.8,680.733,207.6,28.4066,0.175607,0.0153049,24.8696,2.39952,7.1546,0.54385,0.772036,0.0925247,0.250886,0.00737353,8.47801,0.517309,,,,,,,,,,,,,,,20,True,,0.146667,0.158902,2.53417,0.598435,FAIL,FAIL,pass,pass,n/a,,,,,
live-newcomer,7,10,,,,5.5,3.02765,12,0,5468.5,403.551,0.884276,0.0188182,0.965066,0.0112345,16.9883,1.88421,64.6472,9.23004,15.9291,1.45986,14.2,1.13529,3,0,126.43,11.4117,0.895872,0.0194882,3.86596,0.0243367,5760,56.5685,0.0256712,0.00713078,0.0260184,0.00752637,0.0795726,0.00636874,0,0,0.00353869,0.00175758,,,38,4.32049,0.895066,0.0713085,,,473.3,62.9198,144.186,16.6168,0.166585,0.0193014,inf,,263.9,58.358,0.739588,0.0446178,,,,,110.1,22.4076,35.1545,7.11095,0.243638,0.0296165,0,0,inf,,0.546687,0.0571467,92.3934,9.94474,36.1309,18.0847,0.715087,0.0376757,0.922334,0.0150158,0.775047,0.0324528,0,0,0.0619357,0.00511966,35.7,2.54078,0.0327998,0.0119212,0.0388428,0.00700012,-0.00967515,0.0185937,0.199447,0.0591921,114.6,9.31188,779,8.45182,0.560976,,7.5,1.64992,0.538997,0.0296005,0.55193,0.00620541,0.555068,0.0143981,1390.9,142.287,6536.5,717.351,204.2,24.5257,0.176381,0.0122804,24.3077,2.26996,7.11895,0.528681,0.758092,0.0915398,0.248042,0.00696701,8.37344,0.503513,,,,,,,,,,,,,,,20,False,,0.191667,0.207275,2.34083,0.507284,FAIL,FAIL,pass,pass,n/a,,,,,
live-newcomer,8,10,,,,5.5,3.02765,12,0,5462.2,392.746,0.882717,0.0190956,0.963739,0.00973416,17.0194,1.43949,65.2787,8.10301,15.8718,1.09521,14.25,0.857969,3,0,126.27,11.0408,0.890062,0.0181908,3.85872,0.0225843,5760,56.5685,0.0229802,0.00868865,0.0230497,0.00876071,0.077454,0.00566752,0,0,0.00295953,0.00210982,,,36.7,5.98238,0.880465,0.0783515,,,482.7,50.8354,147.057,12.2164,0.160039,0.0209239,inf,,258.1,33.8213,0.723057,0.0396344,,,,,99.1,22.664,31.6161,7.05128,0.220295,0.0312423,0,0,inf,,0.52193,0.077861,97.7044,14.2887,36.9204,20.2372,0.713455,0.0322979,0.920177,0.0139858,0.775046,0.0238739,0,0,0.0612179,0.0050795,35,3.01846,0.0369615,0.00794816,0.0375672,0.00517387,-0.00711802,0.0109453,0.181956,0.0677395,114.6,9.31188,783,8.64163,0.559387,,7.7,2.58414,0.549471,0.0495972,0.55071,0.00744163,0.558277,0.0113989,1400.5,151.348,6512.4,676.647,204.9,27.2089,0.176842,0.0158357,23.8956,1.60331,7.08252,0.511371,0.756727,0.0980454,0.251129,0.00717101,8.441,0.496012,,,,,,,,,,,,,,,40,True,,0.151667,0.251103,2.4525,0.682339,FAIL,FAIL,pass,pass,n/a,,,,,
live-newcomer,9,10,,,,5.5,3.02765,12,0,5451.1,383.935,0.88274,0.0193575,0.964295,0.0107383,17.0932,1.93347,65.9573,9.27725,16.0261,1.67507,14.4,1.07497,3,0,125.99,11.2388,0.891951,0.0151162,3.86102,0.0187973,5760,56.5685,0.0256995,0.0137806,0.0258554,0.0138612,0.0806429,0.011905,0,0,0.00305451,0.00194621,,,38.7,5.73585,0.885921,0.072086,,,474.9,51.8104,144.726,13.3053,0.154724,0.0207829,inf,,256.9,51.0826,0.716289,0.0384981,,,,,112.4,28.3948,35.6758,8.77346,0.229113,0.0243836,0,0,inf,,0.491063,0.0803859,104.158,16.0143,37.6909,22.8862,0.714185,0.0457286,0.924845,0.0152475,0.771752,0.0379742,0,0,0.060518,0.00841176,33.3,1.88856,0.0347901,0.0100952,0.0338792,0.00535912,-0.00914372,0.0124636,0.190806,0.0646651,114.6,9.31188,783,10.8531,0.555556,,8.6,1.64655,0.539914,0.0264326,0.549927,0.0075281,0.559842,0.020877,1378.8,133.653,6500.1,666.614,197.7,21.4271,0.178988,0.0175935,24.1991,2.8391,7.05059,0.533788,0.758893,0.0896273,0.249617,0.00713366,8.42188,0.650221,,,,,,,,,,,,,,,40,False,,0.136667,0.155764,2.53583,0.472697,FAIL,FAIL,pass,pass,n/a,,,,,
live-newcomer-batch,0,10,,,200,5.5,3.02765,12,0,5441.1,425.977,0.861942,0.0206459,0.948204,0.0140643,22.6501,1.19666,79.7901,9.80534,21.406,0.911836,14.75,1.2304,3,0,121.69,11.9819,0.914836,0.0154269,3.89783,0.017522,1920,18.8562,0.0229485,0.00824177,0.0232089,0.00852559,0.073118,0.0107425,0,0,0.00322923,0.00149039,,,36.8,6.89283,0.87035,0.0852617,,,488.7,62.3183,148.891,16.3044,0.185428,0.0267949,inf,,318.7,79.6186,0.703898,0.0307421,,,,,104,37.4522,33.0464,11.434,0.227387,0.0417178,0,0,inf,,0.586802,0.0729385,86.3348,10.1419,37.4486,22.8596,0.686347,0.0353644,0.903059,0.0155082,0.759818,0.0313402,0,0,0.0703517,0.00977671,33,1.63299,0.0282151,0.0108811,0.0338706,0.00288699,-0.0100304,0.0110423,0.203521,0.067642,114.6,9.31188,764,7.84857,0.598168,,7.6,2.06559,0.559514,0.0310602,0.56544,0.00782355,0.577771,0.0198863,1335,127.147,6360.7,665.282,206.6,24.2084,0.145436,0.0114848,19.8143,1.92449,6.86558,0.562046,0.723849,0.0806874,0.305052,0.0163432,3.25029,0.287134,,,,,,,,,,,,,,,0,True,,0.08,0.10395,2.27,0.802842,FAIL,FAIL,pass,pass,n/a,,,,,
live-newcomer-batch,1,10,,,500,5.5,3.02765,12,0,13621.7,729.13,0.955637,0.00484535,0.987098,0.00278643,13.9232,0.334337,40.712,1.68847,13.7848,0.344246,35.2,1.93218,3,0,333.95,18.9594,0.920091,0.00522362,3.92221,0.00630714,1920,0,0.0114062,0.00515277,0.0114583,0.00518513,0.0754167,0.006865,0,0,0.000451053,0.000269008,,,41.7,6.46443,0.969173,0.0367507,,,1294.3,74.7902,156.083,7.35014,0.123052,0.0128041,inf,,479.9,58.0832,0.742698,0.0283666,,,,,49.7,19.0149,6.21098,2.3544,0.0758107,0.0159312,0,0,inf,,0.383695,0.025086,130.807,8.42403,38.0705,29.0212,0.859307,0.0195204,1,0,0.859307,0.0195204,0,0,0.0398105,0.00231625,88.5,3.50397,0.036018,0.00739065,0.0368794,0.005082,-0.00510128,0.00847947,0.219332,0.0203144,300.1,18.6515,2157,18.209,0.576263,,6.7,1.25167,0.557641,0.0256051,0.554604,0.0039548,0.581926,0.00781096,4199.4,221.977,20530.3,1308.97,642.4,50.7701,0.0439132,0.00503348,6.25411,0.740528,7.60124,0.256087,0.759731,0.0400109,0.575745,0.0477462,8.56653,0.469266,,,,,,,,,,,,,,,0,True,,0.02,0.032914,1.2575,0.699807,FAIL,FAIL,pass,pass,FAIL,,,,,
live-newcomer-batch,2,10,,,200,5.5,3.02765,12,0,5441.1,425.977,0.861942,0.0206459,0.948204,0.0140643,22.6501,1.19666,79.7901,9.80534,21.406,0.911836,14.75,1.2304,3,0,121.69,11.9819,0.914836,0.0154269,3.89783,0.017522,1920,18.8562,0.0229485,0.00824177,0.0232089,0.00852559,0.073118,0.0107425,0,0,0.00322923,0.00149039,,,36.8,6.89283,0.87035,0.0852617,,,488.7,62.3183,148.891,16.3044,0.185428,0.0267949,inf,,318.7,79.6186,0.703898,0.0307421,,,,,104,37.4522,33.0464,11.434,0.227387,0.0417178,0,0,inf,,0.586802,0.0729385,86.3348,10.1419,37.4486,22.8596,0.686347,0.0353644,0.903059,0.0155082,0.759818,0.0313402,0,0,0.0703517,0.00977671,33,1.63299,0.0282151,0.0108811,0.0338706,0.00288699,-0.0100304,0.0110423,0.203521,0.067642,114.6,9.31188,764,7.84857,0.598168,,7.6,2.06559,0.559514,0.0310602,0.56544,0.00782355,0.577771,0.0198863,1335,127.147,6360.7,665.282,206.6,24.2084,0.145436,0.0114848,19.8143,1.92449,6.86558,0.562046,0.723849,0.0806874,0.307126,0.0237732,3.25137,0.284446,,,,,,,,,,,,,,,0,False,,0.08,0.10395,2.27,0.802842,FAIL,FAIL,pass,pass,n/a,,,,,
live-newcomer-batch,3,10,,,500,5.5,3.02765,12,0,13621.7,729.13,0.955637,0.00484535,0.987098,0.00278643,13.9232,0.334337,40.712,1.68847,13.7848,0.344246,35.2,1.93218,3,0,333.95,18.9594,0.920091,0.00522362,3.92221,0.00630714,1920,0,0.0114062,0.00515277,0.0114583,0.00518513,0.0754167,0.006865,0,0,0.000451053,0.000269008,,,41.7,6.46443,0.969173,0.0367507,,,1294.3,74.7902,156.083,7.35014,0.123052,0.0128041,inf,,479.9,58.0832,0.742698,0.0283666,,,,,49.7,19.0149,6.21098,2.3544,0.0758107,0.0159312,0,0,inf,,0.383695,0.025086,130.807,8.42403,38.0705,29.0212,0.859307,0.0195204,1,0,0.859307,0.0195204,0,0,0.0398105,0.00231625,88.5,3.50397,0.036018,0.00739065,0.0368794,0.005082,-0.00510128,0.00847947,0.219332,0.0203144,300.1,18.6515,2157,18.209,0.576263,,6.7,1.25167,0.557641,0.0256051,0.554604,0.0039548,0.581926,0.00781096,4199.4,221.977,20530.3,1308.97,642.4,50.7701,0.0439132,0.00503348,6.25411,0.740528,7.60124,0.256087,0.759731,0.0400109,0.571028,0.0500362,8.55578,0.520759,,,,,,,,,,,,,,,0,False,,0.02,0.032914,1.2575,0.699807,FAIL,FAIL,pass,pass,FAIL,,,,,
live-newcomer-batch,4,10,,,200,5.5,3.02765,12,0,5423.4,404.598,0.863081,0.0196454,0.947756,0.0133633,22.5195,1.14777,80.4725,9.30784,21.1853,0.837539,14.6,1.07497,3,0,121.16,11.1566,0.920819,0.0146192,3.90407,0.0164201,1920,18.8562,0.018632,0.00684777,0.0187362,0.00682243,0.0740597,0.00682293,0,0,0.00237018,0.00114152,,,39.5,5.27573,0.847416,0.0787621,,,483.4,59.3842,147.292,15.5376,0.178706,0.0272894,inf,,306.3,88.29,0.711648,0.0475102,,,,,104.6,22.4509,33.1547,6.65903,0.223489,0.0281403,0,0,inf,,0.56738,0.117138,91.4746,18.4376,36.2464,24.4856,0.670645,0.021488,0.904651,0.0130237,0.74126,0.0183138,0,0,0.0681968,0.00568717,35.6,2.79682,0.0348613,0.0134495,0.0388162,0.00735987,-0.0145361,0.0138527,0.19654,0.0812268,114.6,9.31188,774,7.97496,0.563307,,7.7,1.05935,0.559119,0.0356798,0.562023,0.00564617,0.578151,0.0155475,1330.2,131.715,6384.2,635.334,202.8,25.455,0.149196,0.0101847,20.2396,2.29927,6.87556,0.484745,0.723044,0.0991507,0.302093,0.0202687,3.24606,0.251141,,,,,,,,,,,,,,,5,True,,0.1375,0.0868028,2.5,0.875278,FAIL,FAIL,pass,pass,n/a,,,,,
live-newcomer-batch,5,10,,,500,5.5,3.02765,12,0,13607.4,753.185,0.956384,0.00430703,0.987376,0.00238446,13.9732,0.340678,41.2295,1.97748,13.8318,0.335947,35.1,2.23358,3,0,333.69,19.6732,0.920562,0.00434024,3.92355,0.00651075,1920,0,0.0142187,0.0029975,0.0142708,0.00297883,0.0717708,0.00897017,0,0,0.000432089,0.000209129,,,40.8,4.61399,0.957293,0.0263457,,,1290.1,47.1179,155.669,6.08105,0.115711,0.0119421,inf,,486.8,72.7061,0.723841,0.0250235,,,,,57.2,20.5902,7.15497,2.53562,0.0810668,0.0141727,0,0,inf,,0.377725,0.0438485,133.98,15.4531,41.4057,31.0142,0.86135,0.0184516,1,0,0.86135,0.0184516,0,0,0.039896,0.00240611,84.4,5.08156,0.0341466,0.00651613,0.0336978,0.00427127,-0.00323823,0.00759258,0.253797,0.0319867,300.1,18.6515,2163,21.5358,0.600092,,6.4,1.07497,0.564768,0.0286586,0.554729,0.00417472,0.582536,0.0059544,4221.5,244.204,20586.1,1351.23,635.9,52.3417,0.0424813,0.00317859,6.23734,0.60059,7.62358,0.312278,0.752447,0.0510951,0.569503,0.0478228,8.64795,0.636699,,,,,,,,,,,,,,,5,True,,0.0275,0.0415832,1.2475,0.504349,FAIL,FAIL,pass,pass,FAIL,,,,,
live-newcomer-batch,6,10,,,200,5.5,3.02765,12,0,5417.9,388.328,0.85863,0.02233,0.9476,0.0118714,22.4127,1.2484,80.2048,9.04448,21.1224,0.947267,14.5,1.17851,3,0,120.58,10.9531,0.919466,0.012559,3.90295,0.0141908,1920,18.8562,0.024428,0.00823988,0.0245321,0.00841362,0.070727,0.0108951,0,0,0.00330168,0.00131753,,,39.8,5.73101,0.888327,0.0591939,,,487.5,55.2152,148.571,14.4129,0.188096,0.0218893,inf,,317.4,65.3337,0.715616,0.0363209,,,,,93.7,21.5409,29.9184,6.78777,0.213122,0.0255559,0,0,inf,,0.578911,0.0532065,87.0216,7.92152,40.1482,26.385,0.662257,0.0395003,0.905862,0.0172943,0.73099,0.0392947,0,0,0.069069,0.00614018,33.9,1.96921,0.0286559,0.00958987,0.0358486,0.0071905,-0.0145467,0.0131275,0.19469,0.0628334,114.6,9.31188,797,9.29815,0.578419,,7.5,1.35401,0.556415,0.0360965,0.564858,0.0050568,0.588106,0.0195522,1336,162.058,6333.9,679.527,196.5,33.424,0.143889,0.00614055,19.2786,1.36483,6.84771,0.548656,0.711452,0.0800915,0.310758,0.025468,3.31102,0.263516,,,,,,,,,,,,,,,5,False,,0.1175,0.141936,2.56,0.849199,FAIL,FAIL,pass,pass,n/a,,,,,
live-newcomer-batch,7,10,,,500,5.5,3.02765,12,0,13657.4,748.523,0.95581,0.00468839,0.986884,0.00272994,13.9739,0.295098,41.1096,1.86868,13.8375,0.292443,35.1,2.42441,3,0,335.01,19.5303,0.919516,0.00824069,3.92191,0.0065887,1920,0,0.0152604,0.00437176,0.0152604,0.00437176,0.0738542,0.0114972,0,0,0.000591951,0.000355466,,,42.4,4.64758,0.96472,0.0209177,,,1294.9,64.3678,156.206,7.10459,0.117445,0.0150886,inf,,473.3,72.7737,0.733284,0.0267205,,,,,59.3,24.5992,7.41209,3.04458,0.0841624,0.0196327,0,0,inf,,0.382526,0.0421426,132.191,15.0778,34.0678,24.5713,0.860624,0.0281491,1,0,0.860624,0.0281491,0,0,0.0398156,0.00232592,87.7,2.21359,0.034726,0.00703802,0.0357201,0.00347864,-0.00463954,0.00779579,0.212929,0.0262907,300.1,18.6515,2149,18.0336,0.586785,,6.7,0.948683,0.552193,0.0305436,0.555962,0.00232696,0.583461,0.00535882,4208,253.153,20609,1317.23,634.1,44.3683,0.0418323,0.00359385,5.97601,0.55228,7.59817,0.402167,0.776216,0.0528699,0.571403,0.0469439,8.70309,0.625983,,,,,,,,,,,,,,,5,False,,0.01,0.0174801,1.2175,0.38189,FAIL,FAIL,pass,pass,FAIL,,,,,
live-newcomer-batch,8,10,,,200,5.5,3.02765,12,0,5394.2,396.269,0.862921,0.0219105,0.947877,0.014623,22.6194,1.37177,82.0432,11.7459,21.3133,1.03851,14.5,1.08012,3,0,120.88,11.2433,0.916238,0.020952,3.89686,0.0261215,1920,18.8562,0.0198623,0.00703006,0.0202269,0.00678617,0.0734013,0.00581863,0,0,0.00286448,0.00201449,,,41.7,4.80856,0.854508,0.0804848,,,474.7,51.8503,144.656,13.1847,0.178702,0.0268295,inf,,312.9,64.5677,0.692662,0.0335113,,,,,103,30.4558,32.7903,9.66443,0.220061,0.0285495,0,0,inf,,0.578172,0.0738911,87.7601,11.1648,36.553,22.0805,0.676889,0.0437679,0.904849,0.0164126,0.747756,0.0406575,0,0,0.0679504,0.00618744,33.4,2.27058,0.0302764,0.0158652,0.0351243,0.00653983,-0.00445549,0.0191721,0.213979,0.0772614,114.6,9.31188,793,8.88257,0.537201,,7.5,,0.524166,0.0269685,0.566077,0.00577266,0.59247,0.01413,1320.6,155.443,6328.3,668.526,195.2,31.7553,0.140859,0.0157935,19.3326,3.07278,6.87045,0.584697,0.73185,0.0967522,0.309845,0.0188226,3.30173,0.238589,,,,,,,,,,,,,,,10,True,,0.1125,0.0883883,2.73,0.779494,FAIL,FAIL,pass,pass,n/a,,,,,
live-newcomer-batch,9,10,,,500,5.5,3.02765,12,0,13551.8,781.255,0.955927,0.00429218,0.987485,0.0023871,13.9696,0.313901,41.3181,1.96056,13.8338,0.310846,34.7,2.11082,3,0,332.31,19.7228,0.920306,0.0050634,3.92112,0.00646447,1920,0,0.0143229,0.00466656,0.014375,0.00464681,0.074375,0.0114867,0,0,0.000497613,0.000197988,,,36.4,5.68038,0.976319,0.0354537,,,1274.8,52.5733,153.806,6.25618,0.119146,0.0118831,inf,,463.3,72.2281,0.735457,0.0323618,,,,,55.8,20.9539,6.96629,2.57083,0.0799165,0.020152,0,0,inf,,0.37859,0.0408612,133.433,14.1165,30.4645,14.6398,0.860555,0.0178113,1,0,0.860555,0.0178113,0,0,0.0386552,0.00212991,85.6,2.91357,0.034075,0.00571712,0.0348226,0.00446751,0.000310003,0.00754906,0.250181,0.0333231,300.1,18.6515,2175,17.983,0.583908,,6.5,0.849837,0.554751,0.0201493,0.555069,0.0031847,0.585,0.00558199,4206.9,282.319,20376.2,1348.79,639.8,48.1659,0.0426312,0.00360963,6.13114,0.575713,7.59129,0.398216,0.7685,0.0561512,0.581835,0.0544511,8.68044,0.611224,,,,,,,,,,,,,,,10,True,,0.0175,0.0312916,0.985,0.469663,FAIL,FAIL,pass,pass,FAIL,,,,,
live-newcomer-batch,10,10,,,200,5.5,3.02765,12,0,5417.7,346.026,0.860601,0.0157977,0.947539,0.0106849,22.7209,1.17494,80.195,8.3422,21.483,0.919296,14.8,0.918937,2.9,0.316228,120.92,9.52561,0.920595,0.0157059,3.90331,0.0194809,1920,18.8562,0.0179435,0.00576662,0.0181518,0.00586711,0.0756829,0.0075174,0,0,0.00256191,0.000966396,,,42,3.01846,0.858691,0.0846871,,,469.9,42.1702,143.256,10.7191,0.181007,0.0196289,inf,,317.4,80.5787,0.70954,0.0488503,,,,,100,24.9444,31.7299,7.58222,0.218051,0.02045,0,0,inf,,0.564839,0.0760322,89.9134,11.5225,46.0862,34.1844,0.665778,0.0216072,0.908894,0.013899,0.732528,0.0213176,0,0,0.0691667,0.00349325,33.2,1.81353,0.034373,0.0127677,0.0324183,0.00505026,-0.00675469,0.0101677,0.196792,0.0573437,114.6,9.31188,767,8.28721,0.58279,,8.5,2.50555,0.552547,0.0298502,0.565586,0.00694462,0.58533,0.0131438,1353.1,140.372,6340.3,589.916,206,22.6372,0.14298,0.0150949,19.5377,1.86545,6.94907,0.570115,0.745539,0.084294,0.323485,0.0190945,3.38849,0.236932,,,,,,,,,,,,,,,10,False,,0.085,0.0899074,2.6225,0.815343,FAIL,FAIL,pass,pass,n/a,,,,,
live-newcomer-batch,11,10,,,500,5.5,3.02765,12,0,13619.4,734.792,0.955904,0.00422577,0.987271,0.0026081,13.9479,0.444843,40.5819,1.81058,13.8174,0.445947,35,2.16025,3,0,334.25,18.523,0.919348,0.00525085,3.92,0.00574048,1920,0,0.014375,0.00365162,0.0144271,0.00363383,0.071875,0.0111841,0,0,0.000509476,0.000447737,,,41.7,6.27252,0.965117,0.0459317,,,1284.5,72.6365,154.994,8.95389,0.118328,0.0150042,inf,,484.6,72.0743,0.729332,0.0264438,,,,,52.6,21.2457,6.56665,2.64014,0.0807104,0.0182421,0,0,inf,,0.36614,0.0319114,137.475,11.7021,39.4585,32.9661,0.866849,0.0170344,1,0,0.866849,0.0170344,0,0,0.0393014,0.00235358,84.6,2.36643,0.0318522,0.00741366,0.0335268,0.00417017,-0.00543809,0.00787304,0.213971,0.021739,300.1,18.6515,2152,18.2866,0.578532,,6.8,0.918937,0.560305,0.0256159,0.556009,0.00319435,0.581904,0.00403053,4231.6,250.716,20534.2,1289.89,640.6,45.8529,0.0404371,0.00514974,5.86989,0.721756,7.64295,0.303685,0.7775,0.0507898,0.582478,0.0644002,8.82362,0.675602,,,,,,,,,,,,,,,10,False,,0.0225,0.034258,1.355,0.953124,FAIL,FAIL,pass,pass,FAIL,,,,,
live-newcomer-batch,12,10,,,200,5.5,3.02765,12,0,5429.6,380.281,0.862173,0.0219038,0.946563,0.0135951,22.6674,1.39198,80.7441,10.4402,21.3585,1.10041,14.4,1.07497,3,0,121.32,10.8138,0.916312,0.0163673,3.90018,0.0189818,1920,18.8562,0.0246012,0.00867189,0.0247054,0.00880068,0.0743877,0.00837194,0,0,0.00332233,0.00175864,,,36.4,4.76562,0.85588,0.0895222,,,471.5,67.2,143.483,16.5611,0.186688,0.0325776,inf,,303.4,57.7739,0.728704,0.0225281,,,,,94.7,25.3774,30.0086,7.64081,0.209833,0.022352,0,0,inf,,0.562036,0.0891307,91.2076,15.9499,40.5456,23.2029,0.67001,0.0388898,0.907777,0.0159522,0.737797,0.0347985,0,0,0.066947,0.00556283,35.4,2.59058,0.039234,0.0198929,0.0378067,0.00628773,-0.00433998,0.0237265,0.211024,0.0792673,114.6,9.31188,776,8.79646,0.582474,,7.9,3.24722,0.554219,0.0388467,0.564484,0.00527721,0.585932,0.0116857,1363.5,167.607,6358.9,644.094,208,27.3211,0.146075,0.0119375,19.868,1.99773,6.93262,0.659032,0.725768,0.0768269,0.31444,0.0162978,3.41042,0.227614,,,,,,,,,,,,,,,20,True,,0.0975,0.0811805,2.6175,1.07011,FAIL,FAIL,pass,pass,n/a,,,,,
live-newcomer-batch,13,10,,,500,5.5,3.02765,12,0,13618,764.746,0.955246,0.0052821,0.986718,0.00212312,13.9082,0.360013,41.2521,1.89102,13.7614,0.350045,35,1.56347,3.2,0.421637,333.8,19.601,0.919017,0.00666198,3.92162,0.00888938,1920,0,0.0164583,0.00485615,0.0164583,0.00485615,0.0760417,0.00903112,0,0,0.000617224,0.000397298,,,40.6,7.8202,0.984811,0.0164871,,,1283.6,61.5651,154.947,8.98955,0.118856,0.00706571,inf,,487.8,54.0202,0.73233,0.0231892,,,,,52.2,17.6686,6.55437,2.20846,0.0789006,0.0154381,0,0,inf,,0.373754,0.0275415,134.468,10.4371,43.7905,39.2988,0.861735,0.0214029,1,0,0.861735,0.0214029,0,0,0.0380281,0.00336304,83.4,2.83627,0.0330044,0.00538533,0.0327373,0.00385684,-0.00165663,0.0060192,0.252088,0.025681,300.1,18.6515,2162,16.9234,0.57123,,6.7,0.674949,0.559097,0.0240657,0.553924,0.0042846,0.580027,0.00860554,4197,294.667,20534.2,1386.53,629.6,46.6433,0.0442138,0.00532336,6.46128,0.655152,7.61463,0.372287,0.755678,0.0378458,0.596949,0.0536525,8.9632,0.699254,,,,,,,,,,,,,,,20,True,,0.02,0.0307318,1.14,0.341606,FAIL,FAIL,pass,pass,FAIL,,,,,
live-newcomer-batch,14,10,,,200,5.5,3.02765,12,0,5444.3,399.825,0.863857,0.0231582,0.946438,0.0144535,22.5061,1.33183,81.2917,10.3362,21.1875,0.999658,14.5,1.17851,2.9,0.316228,121.82,11.4668,0.921079,0.0145641,3.90434,0.0195065,1920,18.8562,0.0221312,0.0104383,0.0222885,0.010495,0.0748523,0.0066961,0,0,0.00318101,0.00193759,,,38,5.07718,0.869011,0.0778967,,,488.4,57.3918,148.773,14.2242,0.195199,0.0322093,inf,,327.1,85.9282,0.718781,0.0278649,,,,,110.6,31.6165,35.0363,9.04918,0.227893,0.0198181,0,0,inf,,0.587555,0.0956497,87.1839,14.5092,42.5664,33.3129,0.677231,0.0208122,0.911083,0.0154194,0.743278,0.0165786,0,0,0.0683208,0.0088931,33.6,2.01108,0.0420876,0.0224003,0.0353386,0.00596613,0.000637632,0.0160083,0.202455,0.0672873,114.6,9.31188,784,7.54542,0.600765,,7.4,2.59058,0.563194,0.020025,0.565859,0.00822782,0.589704,0.0133372,1349.9,143.678,6370.4,636.386,196.9,31.1571,0.146743,0.0129974,19.7459,2.13233,6.98869,0.520946,0.740329,0.0783915,0.319335,0.0223295,3.46142,0.269409,,,,,,,,,,,,,,,20,False,,0.1,0.111803,2.3075,0.578798,FAIL,FAIL,pass,pass,n/a,,,,,
live-newcomer-batch,15,10,,,500,5.5,3.02765,12,0,13628.9,777.784,0.955616,0.00395493,0.98659,0.00257306,13.9378,0.301923,41.1717,1.96703,13.7903,0.300972,35.2,1.81353,3,0,334.37,19.5275,0.917445,0.00608639,3.91874,0.00670284,1920,0,0.0156771,0.00471922,0.0156771,0.00471922,0.0754167,0.00857505,0,0,0.000602021,0.000399294,,,39,3.39935,0.982235,0.0218951,,,1284,60.5603,154.92,7.27552,0.122366,0.0111156,inf,,483.6,73.1303,0.727855,0.0267213,,,,,55.1,23.5818,6.88032,2.87292,0.0813716,0.0194643,0,0,inf,,0.388065,0.0460859,130.421,14.8085,30.5759,14.0175,0.862278,0.0118681,1,0,0.862278,0.0118681,0,0,0.0383738,0.00302647,84.8,4.02216,0.0298688,0.00734047,0.0342727,0.00454516,-0.00437825,0.00564065,0.219699,0.0232846,300.1,18.6515,2171,19.8967,0.577614,,6.7,1.33749,0.54875,0.0257498,0.556144,0.0034155,0.581697,0.00669659,4202.9,254.311,20468.8,1382.98,645.9,28.6257,0.0430647,0.00588636,6.26178,0.945543,7.63354,0.290714,0.759733,0.0625793,0.586694,0.0406859,8.90571,0.588032,,,,,,,,,,,,,,,20,False,,0.025,0.0424918,1.06,0.499055,FAIL,FAIL,pass,pass,FAIL,,,,,
live-newcomer-batch,16,10,,,200,5.5,3.02765,12,0,5457.7,376.256,0.86372,0.0214738,0.946899,0.0135292,22.3389,1.13196,80.8873,10.3543,21.062,0.880329,14.4,1.07497,3,0,122.21,10.7566,0.916546,0.0200911,3.89938,0.0240678,1920,18.8562,0.0197979,0.00350259,0.0197979,0.00350259,0.0694333,0.0078975,0,0,0.0028862,0.0012111,,,39.9,5.38413,0.831682,0.0941812,,,486.5,67.8597,148.168,17.7329,0.185769,0.0263068,inf,,331,70.8661,0.703933,0.0388899,,,,,100.8,37.3922,31.9581,11.4918,0.221726,0.036067,0,0,inf,,0.611152,0.0955139,83.593,12.7433,39.7722,22.3862,0.672953,0.0347849,0.911142,0.017846,0.738269,0.0267515,0,0,0.0706496,0.00574029,34.9,2.5144,0.0371373,0.0115194,0.0359171,0.00574359,0.000219449,0.0160024,0.215763,0.0741906,114.6,9.31188,784,9.26403,0.604592,,7.5,2.36878,0.563149,0.024603,0.564107,0.00572878,0.59171,0.0137985,1330.7,141.944,6385.8,647.967,198.8,26.1738,0.147169,0.0134575,19.5642,2.61713,6.85644,0.523843,0.72375,0.0738851,0.323645,0.0161634,3.42787,0.234007,,,,,,,,,,,,,,,40,True,,0.0825,0.0950512,2.7925,0.915533,FAIL,FAIL,pass,pass,n/a,,,,,
live-newcomer-batch,17,10,,,500,5.5,3.02765,12,0,13563,793.326,0.955447,0.00340164,0.986972,0.00196902,13.864,0.309892,41.1067,1.51794,13.7247,0.308738,34.9,2.079,3,0,332.88,19.8807,0.917627,0.00561225,3.91612,0.00681137,1920,0,0.0152604,0.00546834,0.0153646,0.00544182,0.0745313,0.0105474,0,0,0.000549667,0.000390543,,,37.9,4.67737,0.9569,0.0518307,,,1263.9,63.3745,152.499,7.7119,0.114763,0.0116323,inf,,474.4,68.38,0.71763,0.0292261,,,,,50.8,21.1071,6.34765,2.58461,0.0779251,0.0207453,0,0,inf,,0.369858,0.0321123,136.102,11.7281,33.5817,15.8105,0.862067,0.0187924,1,0,0.862067,0.0187924,0,0,0.0384758,0.00193254,86.3,3.62246,0.0328886,0.00954973,0.0351928,0.0051151,0.000138331,0.00927835,0.247133,0.0286987,300.1,18.6515,2154,19.1671,0.582173,,6.5,0.527046,0.552325,0.0214018,0.553719,0.00210744,0.578812,0.00595897,4212,282.472,20425.1,1350.74,641,45.9396,0.0438017,0.00455747,6.38604,0.733092,7.61731,0.356867,0.776345,0.0502125,0.600928,0.0509551,9.04512,0.647843,,,,,,,,,,,,,,,40,True,,0.0225,0.0362284,1.155,0.944487,FAIL,FAIL,pass,pass,FAIL,,,,,
live-newcomer-batch,18,10,,,200,5.5,3.02765,12,0,5433.8,359.07,0.859536,0.0193582,0.946935,0.013006,22.431,1.03709,80.945,10.054,21.1942,0.871065,14.7,0.823273,3,0,121.07,10.1008,0.919151,0.0167535,3.90186,0.0202519,1920,18.8562,0.0230432,0.0078037,0.0230953,0.00777354,0.0709391,0.00681402,0,0,0.00312794,0.00141525,,,38.3,6.14727,0.851842,0.0989963,,,476.9,56.4337,145.243,13.7215,0.179364,0.0287118,inf,,307.3,66.3845,0.69966,0.0275947,,,,,94,35.8856,29.9785,11.06,0.213321,0.035635,0,0,inf,,0.583088,0.0994515,87.9852,14.9416,38.701,24.1052,0.668526,0.0133669,0.903264,0.0164341,0.740283,0.0173939,0,0,0.0677549,0.00455173,35.3,2.98329,0.0382412,0.0131064,0.0383468,0.00718748,-0.00873154,0.0171747,0.197813,0.044636,114.6,9.31188,783,7.49889,0.569604,,8.4,2.79682,0.550428,0.0293313,0.565157,0.00475625,0.586254,0.012233,1354.1,140.525,6372.8,608.063,199.3,33.2768,0.145493,0.0123028,19.5973,1.71187,6.99494,0.521657,0.736397,0.0873258,0.327062,0.027186,3.49306,0.234789,,,,,,,,,,,,,,,40,False,,0.1225,0.0996173,2.3975,0.733565,FAIL,FAIL,pass,pass,n/a,,,,,
live-newcomer-batch,19,10,,,500,5.5,3.02765,12,0,13630,810.608,0.955684,0.00453828,0.987297,0.0019677,13.9405,0.335409,41.0318,1.91268,13.809,0.334011,35.2,1.8738,3,0,334.14,20.7044,0.921957,0.00607298,3.92209,0.00878143,1920,0,0.0177604,0.00496206,0.0178646,0.00509157,0.0786458,0.0113977,0,0,0.000573715,0.000365373,,,40.3,7.33409,0.965575,0.0388399,,,1291.6,73.5817,155.823,8.54011,0.117951,0.0142758,inf,,479.7,71.5061,0.727821,0.0264218,,,,,58.4,19.912,7.29817,2.47812,0.0867042,0.0184641,0,0,inf,,0.382096,0.0379363,132.11,14.094,29.9524,15.3845,0.866507,0.0153951,1,0,0.866507,0.0153951,0,0,0.0392174,0.00198578,85.9,5.02107,0.0365223,0.00734625,0.0342972,0.00589284,0.00425171,0.00876165,0.217127,0.0211552,300.1,18.6515,2180,18.4391,0.584404,,6.4,0.516398,0.558738,0.0186825,0.555455,0.00335358,0.584734,0.00649096,4231.7,259.957,20541.3,1413.43,632.9,40.6816,0.0429949,0.00509028,6.35264,0.966976,7.64301,0.322279,0.773175,0.0548294,0.588629,0.0558725,8.89527,0.572575,,,,,,,,,,,,,,,40,False,,0.045,0.070514,1.1625,0.637949,FAIL,FAIL,pass,pass,FAIL,,,,,
live-noise,0,5,,,50,3,1.58114,12,0,1382.8,61.7147,0.487926,0.0408144,0.626352,0.0502749,75.1348,10.2277,inf,,28.86,3.1807,3.8,0.447214,2,0,17.92,2.05718,0.884204,0.0563834,3.85236,0.0700051,5640,224.499,0.0203511,0.00339571,0.0206311,0.00339064,0.0293863,0.00660538,0,0,0.0257176,0.00392839,,,41.2,5.11859,0.335205,0.141233,,,83.4,19.4499,126.931,29.8475,0.349558,0.0622342,34.1221,13.8358,151.8,30.4582,0.563815,0.0411519,,,,,44.8,13.9535,70.339,17.9247,0.503835,0.0693538,0.216854,0.124994,342.617,292.45,1.28765,0.835122,47.9451,18.1427,30.1286,10.7052,0.277594,0.0645991,0.492654,0.0640287,0.560624,0.0765177,0,0,0.153175,0.0141615,8.6,1.34164,0.0324433,0.0297802,0.0372214,0.0129427,0.0240291,0.0380808,0.161912,0.139819,15.4,2.60768,50,2.54951,0.56,,8,,0.563277,0.102393,0.548858,0.03591,0.52121,0.0659438,121,16.9115,577,59.3338,18.4,6.76757,0.439932,0.07752,54.0468,7.11736,4.24431,0.349375,0.555148,0.0868738,0.247132,0.00900153,2.40854,0.100656,,,,,,,,,,,,,,,,,0,0.223333,0.157056,6.65167,1.33253,FAIL,FAIL,pass,pass,n/a,,,,,
live-noise,1,5,,,200,3,1.58114,12,0,5453.8,367.258,0.886487,0.0234461,0.966092,0.0115823,17.3898,1.12948,65.0324,8.77824,16.3144,0.685296,14.2,0.83666,3,0,127.66,11.3949,0.867363,0.0350516,3.83102,0.0427543,5784,53.6656,0.0266617,0.00728529,0.0269048,0.00736614,0.0883759,0.0138752,0,0,0.0030563,0.00146823,,,36.4,8.96103,0.884627,0.0568307,,,495.8,64.2589,186.161,22.622,0.160961,0.0129472,inf,,297.2,43.0546,0.725167,0.0447268,,,,,135.4,45.8399,52.7888,18.3592,0.310312,0.0454405,0,0,inf,,0.539981,0.0400728,92.9977,6.77619,28.8108,15.3782,0.743018,0.0357062,0.921553,0.0177597,0.805928,0.0241596,0,0,0.0769605,0.0064998,28,1.73205,0.0180626,0.00932873,0.024625,0.00597318,0.00215523,0.0154229,0.175385,0.0488106,61,7.4162,203,5.27257,0.615764,,6,1.41421,0.532725,0.0341489,0.5545,0.00771112,0.56437,0.0259908,1423,166.99,6651.2,633.981,205.4,41.9678,0.193281,0.0190122,25.9125,2.57086,8.41216,0.780896,0.877916,0.118249,0.246346,0.00795572,8.38403,0.638414,,,,,,,,,,,,,,,,,0,0.075,0.0940966,2.565,1.10202,FAIL,FAIL,pass,pass,n/a,,,,,
live-noise,2,5,,,500,3,1.58114,12,0,14030.6,479.139,0.968642,0.00314906,0.995311,0.00153331,9.75848,0.223098,27.7559,1.82804,9.67388,0.272084,34.6,0.894427,3.4,0.547723,349.82,12.352,0.926982,0.00775293,3.90498,0.00986785,5760,0,0.0180903,0.00505921,0.0180903,0.00505921,0.103299,0.00955413,0,0,0.000444335,0.000209247,,,33.2,3.11448,0.973965,0.0277151,,,1300.4,69.1397,192.418,16.5251,0.0869578,0.0192304,inf,,390.6,37.9645,0.77293,0.0306743,,,,,62.6,30.6398,9.37668,4.40886,0.108906,0.0324914,0,0,inf,,0.332169,0.0601808,154.623,28.5463,31.6827,24.0724,0.904752,0.0116074,1,0,0.904752,0.0116074,0,0,0.0361925,0.00426465,72.2,8.52643,0.023319,0.0096227,0.0254528,0.00977101,-0.00811263,0.00296621,0.211402,0.0304464,157.4,25.0859,597,17.6295,0.514238,,7.4,0.547723,0.518777,0.0151951,0.552226,0.00368646,0.557792,0.00842047,4682.8,360.596,22027,1167.88,701.2,68.671,0.0661309,0.00851818,9.92221,1.35202,9.76372,0.762856,0.971722,0.121597,0.239001,0.00895324,18.2553,0.853057,,,,,,,,,,,,,,,,,0,0.0183333,0.0108653,1.17833,0.486434,pass,FAIL,pass,pass,FAIL,,,,,
live-noise,3,5,,,50,3,1.58114,12,0,1380,60.129,0.485768,0.0343486,0.624712,0.0504304,76.6627,8.65902,inf,,29.8192,4.79053,3.6,0.547723,2,0,17.72,1.70059,0.891456,0.0490924,3.8611,0.060848,5640,224.499,0.0180314,0.00605295,0.0184865,0.00574873,0.0293316,0.00559631,0,0,0.0227691,0.00769512,,,41.8,5.89067,0.304955,0.10177,,,86.6,20.6833,131.631,30.8385,0.343986,0.0714455,33.0949,,147,29.3854,0.587139,0.0366737,,,,,44.4,12.8374,69.8649,17.1032,0.506625,0.0717163,0.196204,0.169983,248.565,,1.31026,0.82153,46.5439,17.2964,28.3066,12.4001,0.265846,0.068716,0.498067,0.0568328,0.533536,0.113553,0,0,0.155544,0.013984,8.8,1.09545,0.0183014,0.0265613,0.0369717,0.014616,0.0225014,0.0324773,0.171522,0.153189,15.4,2.60768,53,3.36155,0.54717,,7,,0.569493,0.108086,0.537515,0.0327634,0.50614,0.0667342,122.4,17.1843,581.2,64.4725,17.2,4.81664,0.465382,0.0727262,53.9797,6.68879,4.20444,0.34727,0.509522,0.102369,0.253819,0.0156605,2.40963,0.125546,,,,,,,,,,,,,,,,,0.25,0.241667,0.227532,6.96833,1.1844,FAIL,FAIL,pass,pass,n/a,,,,,
live-noise,4,5,,,200,3,1.58114,12,0,5423.2,384.9,0.885426,0.0178447,0.964449,0.0086586,17.3413,1.58618,64.9155,6.93181,16.2638,1.19733,14.2,0.83666,3,0,126.58,10.9491,0.869795,0.0308049,3.83391,0.0376941,5784,53.6656,0.0277268,0.00924358,0.0279004,0.00960848,0.0852289,0.011264,0,0,0.00312015,0.00133364,,,40.2,6.76018,0.903847,0.0236391,,,508.4,57.0289,191.003,20.9453,0.163028,0.0154644,inf,,297.8,57.7555,0.738808,0.0413913,,,,,136,43.7721,52.9266,17.5758,0.315065,0.0579083,0,0,inf,,0.551546,0.0554869,91.449,9.91668,27.0237,12.7196,0.731415,0.0323032,0.922207,0.0179554,0.792928,0.0249515,0,0,0.0795767,0.00393015,29.2,2.48998,0.0267934,0.0080032,0.0257784,0.00185355,-0.000233824,0.0237996,0.192728,0.0451511,61,7.4162,203,4.82701,0.600985,,6.8,2.04939,0.542152,0.0602369,0.557184,0.00436621,0.563036,0.00763382,1401.8,151.755,6550,602.864,207.6,42.4947,0.193123,0.018591,26.402,1.86861,8.38368,0.785151,0.88616,0.0964891,0.249818,0.00537102,8.54453,0.63682,,,,,,,,,,,,,,,,,0.25,0.105,0.156636,2.62,0.669955,FAIL,FAIL,pass,pass,n/a,,,,,
live-noise,5,5,,,500,3,1.58114,12,0,13953.6,537.634,0.969516,0.00352794,0.996097,0.000840808,9.69113,0.273743,27.644,1.24679,9.6339,0.297707,34.6,1.51658,3.2,0.447214,348.22,13.7196,0.928667,0.00874445,3.90712,0.0111325,5760,0,0.0142014,0.00239747,0.0142708,0.00231431,0.100625,0.0109867,0,0,0.000315471,0.000118072,,,40,7.10634,0.985882,0.0129539,,,1281.4,55.9491,189.534,13.8319,0.0841405,0.0132518,inf,,377.8,52.6279,0.756798,0.0245975,,,,,65.8,15.8965,9.89749,2.28952,0.109601,0.0158064,0,0,inf,,0.317299,0.0346164,159.092,17.3537,22.9918,7.68452,0.904674,0.0145967,1,0,0.904674,0.0145967,0,0,0.0386406,0.00363168,72,4.69042,0.0219351,0.00953791,0.0239752,0.00705585,-0.00746449,0.00594838,0.226842,0.0484207,157.4,25.0859,599,19.4216,0.512521,,7.8,1.64317,0.510114,0.0136933,0.551461,0.00322263,0.561416,0.00856108,4616.8,403.515,21995.2,1252.39,701.2,87.371,0.0669069,0.00675973,10.157,1.31587,9.65253,0.762545,0.971782,0.120048,0.241203,0.00711326,18.0519,0.994794,,,,,,,,,,,,,,,,,0.25,0.0183333,0.0160295,1.30833,0.558458,pass,FAIL,pass,pass,FAIL,,,,,
live-noise,6,5,,,50,3,1.58114,12,0,1380.2,60.247,0.483713,0.0349673,0.62347,0.0505028,76.8819,8.54082,inf,,29.5893,4.99546,3.8,0.447214,2,0,17.64,1.71114,0.89117,0.048746,3.86073,0.0604025,5640,224.499,0.0180314,0.00605295,0.018451,0.00581894,0.0286933,0.00568734,0,0,0.0229094,0.0074372,,,41.4,6.34823,0.298469,0.0921975,,,84.4,20.5499,128.442,31.4368,0.347507,0.0658719,33.0949,,146.4,30.3694,0.579156,0.0462848,,,,,44,13,69.2197,17.3386,0.503639,0.0719828,0.208202,0.172518,191.467,,1.29044,0.833912,47.8824,18.463,28.3066,12.4001,0.278939,0.0540137,0.491091,0.0583048,0.566833,0.066892,0,0,0.149798,0.0207609,8.6,1.34164,0.0183606,0.0266892,0.0370597,0.0145438,0.0225955,0.0300694,0.173798,0.151649,15.4,2.60768,51,2.77489,0.529412,,8,,0.562476,0.101114,0.537139,0.0318453,0.51229,0.0705915,123.2,16.4225,579.6,61.6628,17.2,4.81664,0.464125,0.0712009,53.9883,6.80051,4.26081,0.290757,0.509522,0.102369,0.252359,0.00793304,2.39528,0.135126,,,,,,,,,,,,,,,,,0.5,0.24,0.229235,6.895,1.28154,FAIL,FAIL,pass,pass,n/a,,,,,
live-noise,7,5,,,200,3,1.58114,12,0,5477.2,361.187,0.885045,0.0170882,0.965615,0.0091631,17.0992,1.9277,64.3914,8.10094,16.0783,1.52392,14.2,0.83666,3,0,127.62,10.0773,0.873725,0.0255634,3.83864,0.0314613,5784,53.6656,0.0257873,0.00516707,0.0260998,0.00549717,0.0844168,0.00503638,0,0,0.00384788,0.00185351,,,39.4,4.219,0.892753,0.0621695,,,498.6,66.7256,187.236,23.5147,0.158287,0.0102036,inf,,298.2,36.1621,0.720953,0.0320337,,,,,126.6,34.5225,49.2051,13.0712,0.316713,0.0467212,0,0,inf,,0.500223,0.0326166,100.288,6.38849,32.5047,21.666,0.727908,0.0219596,0.921933,0.0167995,0.789423,0.0110597,0,0,0.0789341,0.00839537,29,3.937,0.0214306,0.0163136,0.0263881,0.00741872,-0.00632383,0.0205144,0.188158,0.0467939,61,7.4162,205,5.38516,0.55122,,7.8,1.92354,0.532304,0.0648832,0.555062,0.0103254,0.556776,0.0312154,1427.8,127.608,6643.4,606.939,218.2,38.1012,0.198698,0.0190878,26.5427,2.41757,8.52863,0.684889,0.899728,0.102749,0.247965,0.00961638,8.60692,0.468975,,,,,,,,,,,,,,,,,0.5,0.0666667,0.0658808,2.59667,0.622289,FAIL,FAIL,pass,pass,n/a,,,,,
live-noise,8,5,,,500,3,1.58114,12,0,13961.2,386.923,0.967924,0.00287058,0.995571,0.000981032,9.76816,0.332246,27.6241,1.90046,9.718,0.363839,34.6,1.14018,3.6,0.547723,348.2,10.1995,0.925687,0.00977709,3.90334,0.0124359,5760,0,0.0145486,0.00364046,0.0146528,0.00387157,0.0962153,0.00747274,0,0,0.000348173,0.000266262,,,43.8,8.01249,0.978705,0.0246177,,,1272.2,91.6608,188.358,19.9163,0.0887087,0.0175581,inf,,366.4,59.4962,0.779525,0.0317208,,,,,69.4,30.6969,10.4017,4.4312,0.112199,0.0298926,0,0,inf,,0.322325,0.0583735,159.643,31.5101,22.3856,10.4623,0.902134,0.0121294,1,0,0.902134,0.0121294,0,0,0.0384251,0.00402552,74.6,3.50714,0.0207064,0.00534045,0.0257705,0.00161676,-0.00559131,0.012002,0.217877,0.041433,157.4,25.0859,604,18.2948,0.544702,,7,1.22474,0.526368,0.0298899,0.554741,0.00343107,0.558684,0.00297584,4657,326.816,21930.8,1068.46,699,52.3116,0.0624063,0.00480565,9.62489,0.806662,9.70971,0.592373,0.991283,0.127581,0.240723,0.00352027,18.0775,0.636371,,,,,,,,,,,,,,,,,0.5,0.0333333,0.025,1.43,0.579769,pass,FAIL,pass,pass,FAIL,,,,,
live-noise,9,5,,,50,3,1.58114,12,0,1395,48.4716,0.489829,0.0394234,0.627808,0.0522568,76.3146,9.22255,inf,,29.2661,4.75792,3.8,0.447214,2,0,18.04,1.84065,0.89578,0.0465818,3.8664,0.0576659,5640,224.499,0.0176905,0.00605036,0.018148,0.00583889,0.0282861,0.00525534,0,0,0.0217386,0.00668607,,,41.2,6.53452,0.305526,0.0908399,,,84.8,19.7028,129.077,30.2661,0.33197,0.0574498,33.0949,,149.8,30.6545,0.585448,0.0482976,,,,,46.4,12.341,72.6909,17.0046,0.500199,0.0706066,0.216228,0.186841,191.467,,1.31896,0.824751,46.6458,18.4499,29.9107,13.5937,0.282,0.0547863,0.496626,0.0593374,0.566463,0.0662751,0,0,0.142358,0.0241202,8,1.22474,0.020573,0.0265158,0.0302984,0.0165465,0.0215046,0.0302407,0.185819,0.138738,15.4,2.60768,52,2.60768,0.557692,,8,,0.562476,0.101114,0.545211,0.0193639,0.517066,0.0616431,124.8,16.7988,591.4,65.0254,17.4,4.82701,0.456578,0.0627309,52.8491,5.1019,4.31578,0.349925,0.525328,0.115448,0.260884,0.0270035,2.39847,0.11047,,,,,,,,,,,,,,,,,1,0.248333,0.229689,6.78333,1.38803,FAIL,FAIL,pass,pass,n/a,,,,,
live-noise,10,5,,,200,3,1.58114,12,0,5470.6,406.769,0.888324,0.0214682,0.968673,0.00702793,16.888,1.71291,62.1023,6.15983,15.8316,1.21792,14.2,0.83666,3,0,127.96,11.8507,0.874481,0.0282288,3.83961,0.0346175,5784,53.6656,0.0233829,0.00749376,0.0236933,0.00784183,0.0849901,0.0142955,0,0,0.00278432,0.00107047,,,38.2,5.49545,0.870447,0.111411,,,495.8,61.1286,186.155,21.078,0.166182,0.00682703,inf,,302,32.4114,0.736117,0.0400467,,,,,140.2,22.939,54.4834,8.94769,0.342948,0.0288897,0,0,inf,,0.579757,0.0788991,87.4023,10.6929,31.3321,14.0258,0.732108,0.0421566,0.921691,0.0190845,0.793934,0.03228,0,0,0.0760388,0.00598284,27.8,1.30384,0.0199526,0.0059312,0.0225014,0.00255639,-0.00643448,0.0130076,0.189337,0.0484191,61,7.4162,203,4.61519,0.541872,,8.6,3.50714,0.52902,0.0451625,0.560686,0.00851234,0.563489,0.0111352,1428.4,175.328,6720.4,686.776,216.2,30.0533,0.187459,0.0167357,25.6368,3.03661,8.49624,0.858016,0.894156,0.130494,0.249657,0.00336219,8.44795,0.721322,,,,,,,,,,,,,,,,,1,0.125,0.108653,2.75167,1.28503,FAIL,FAIL,pass,pass,n/a,,,,,
live-noise,11,5,,,500,3,1.58114,12,0,14030.6,454.128,0.968763,0.000452628,0.995253,0.00134434,9.69979,0.257296,27.4802,1.60546,9.62314,0.299471,34.6,1.14018,3.4,0.547723,349.98,10.6286,0.926509,0.0101563,3.90439,0.012908,5760,0,0.0189931,0.00482001,0.0190625,0.00479305,0.100035,0.0103771,0,0,0.000542716,0.000239374,,,37.4,3.97492,0.982521,0.0262153,,,1303,57.2844,192.797,15.4727,0.0873043,0.0091576,inf,,382.4,38.5785,0.774699,0.0304095,,,,,70,44.4803,10.4322,6.43935,0.11383,0.0364807,0,0,inf,,0.32721,0.03363,154.095,15.7232,30.9815,25.6959,0.907437,0.00713269,1,0,0.907437,0.00713269,0,0,0.0366864,0.00353886,76.2,3.96232,0.0268459,0.00322841,0.0266324,0.00664526,-0.00923968,0.00760822,0.214302,0.0341921,157.4,25.0859,608,17.4728,0.5625,,6.2,0.83666,0.546528,0.0312992,0.553004,0.00412977,0.560564,0.00941875,4704.4,416.34,22026.6,1025.89,698.6,69.0058,0.0646728,0.00678894,9.6896,1.22994,9.72858,0.762141,0.988554,0.1237,0.241673,0.00406352,18.3906,0.760604,,,,,,,,,,,,,,,,,1,0.0266667,0.0215703,1.10167,0.378658,pass,FAIL,pass,pass,FAIL,,,,,
live-noise,12,5,,,50,3,1.58114,12,0,1367.8,73.795,0.475305,0.0195326,0.603926,0.0364715,80.5143,8.35826,inf,,28.3838,2.23692,3,0,2,0,17.3,0.717635,0.88227,0.0518819,3.8498,0.0634343,5640,224.499,0.0248601,0.0110878,0.0254634,0.0109386,0.0273401,0.0046446,0,0,0.0325467,0.0102061,,,44.2,5.44977,0.330299,0.159528,,,76.4,14.0107,115.941,19.6862,0.356384,0.0564313,29.9893,,150.4,40.5315,0.574211,0.0480199,,,,,46.6,9.8387,73.3504,14.3625,0.485397,0.0606539,0.194348,0.110702,214.762,,1.33183,0.543038,42.4349,15.2792,28.2883,12.9592,0.249269,0.0240567,0.484762,0.0227502,0.514598,0.0500248,0.00466667,0.010435,0.136647,0.0201766,8.8,2.04939,0.0227343,0.0229576,0.036458,0.0229778,0.0267187,0.0635947,0.171038,0.146613,15.4,2.60768,43,2.88097,0.651163,,inf,,0.57989,0.112555,0.555368,0.0173137,0.522074,0.0834603,113,15.2643,548.4,51.9163,16.2,5.11859,0.439982,0.0513528,54.4518,8.42838,4.10633,0.507979,0.547516,0.13599,0.258633,0.0169108,2.50207,0.227683,,,,,,,,,,,,,,,,,2,0.381667,0.237858,7.135,1.65593,FAIL,FAIL,pass,pass,n/a,,,,,
live-noise,13,5,,,200,3,1.58114,12,0,5478.8,396.58,0.886448,0.0194976,0.965903,0.0083906,17.3612,1.83578,65.845,6.90572,16.2639,1.53222,14.2,0.83666,3,0,127.78,10.926,0.875909,0.0222239,3.84127,0.0274109,5784,53.6656,0.0260126,0.00624778,0.0261515,0.00612607,0.0912564,0.0145753,0,0,0.003132,0.00117684,,,40.8,3.27109,0.883224,0.064204,,,506,68.815,189.902,23.1497,0.169872,0.0167545,inf,,305.4,24.8455,0.723476,0.0233469,,,,,142.8,28.3408,55.6312,11.4249,0.340632,0.0285978,0,0,inf,,0.558039,0.0388849,89.9611,6.49055,24.1435,7.33694,0.734116,0.0161322,0.918433,0.0222738,0.799352,0.00283778,0,0,0.0780749,0.00518981,29.2,1.30384,0.0226559,0.0133469,0.0286488,0.00163975,-0.00766911,0.014688,0.181925,0.0444372,61,7.4162,209,5.54076,0.588517,,6.6,1.94936,0.530713,0.0590498,0.559754,0.00433269,0.555174,0.0177684,1432.4,180.722,6660.6,675.938,209.8,35.4782,0.186521,0.0111017,26.0858,1.92259,8.49142,0.880826,0.884298,0.14735,0.246056,0.00548288,8.54745,0.643228,,,,,,,,,,,,,,,,,2,0.101667,0.0943545,2.85833,0.862752,FAIL,FAIL,pass,pass,n/a,,,,,
live-noise,14,5,,,500,3,1.58114,12,0,13938.6,436.516,0.968419,0.00217675,0.995516,0.000523776,9.84995,0.284993,27.7453,1.53027,9.81385,0.317755,34.4,0.894427,3.2,0.447214,347.96,11.5811,0.923935,0.00952591,3.90112,0.0120898,5760,0,0.0196875,0.0047205,0.0197917,0.00474343,0.103472,0.0112083,0,0,0.000562481,0.000278773,,,38.6,4.27785,0.977877,0.0223849,,,1290.8,56.1667,191.022,15.8064,0.0860236,0.0115881,inf,,377.4,54.0352,0.746657,0.0268351,,,,,67.8,31.6812,10.1766,4.56775,0.10964,0.0317391,0,0,inf,,0.318497,0.0600294,161.772,31.8792,24.1173,9.01638,0.901642,0.0110845,1,0,0.901642,0.0110845,0,0,0.0363765,0.00362339,71,3.08221,0.0214621,0.00437355,0.0250354,0.00565207,-0.00565877,0.00663416,0.197414,0.039493,157.4,25.0859,604,21.4756,0.518212,,7.2,1.30384,0.523445,0.0143327,0.551617,0.00427208,0.559303,0.00744362,4643.2,370.263,21878.2,1048.52,696.6,72.7688,0.0668073,0.00784064,10.1083,1.17661,9.66678,0.741806,0.978422,0.123297,0.237647,0.00299478,18.3152,0.526233,,,,,,,,,,,,,,,,,2,0.0333333,0.0444878,1.21,0.425261,pass,FAIL,pass,pass,FAIL,,,,,
live-search,0,5,,,200,3,1.58114,12,0,5514.6,400.705,0.93779,0.00797077,0.996981,0.00169204,11.3653,0.84324,41.1502,2.46677,11.2836,0.827813,13.8,0.83666,2,0,133.96,11.0328,0.921856,0.0199779,3.89858,0.0251393,5760,0,0.0222569,0.00222805,0.0226736,0.00238233,0.0678472,0.00928081,0,0,0.000701434,0.00026307,,,40.8,3.96232,0.900661,0.0713988,,,538.4,28.6409,202.365,11.5971,0.176538,0.0259069,inf,,329.4,106.903,0.846346,0.0433871,,,,,161.2,52.0644,62.1388,19.5048,0.307501,0.0250187,0,0,inf,,0.62164,0.100509,82.0669,12.6551,52.1881,22.5155,0.855947,0.0175678,0.954955,0.0101917,0.896251,0.0093412,0,0,0.0708412,0.0067259,29,2.34521,0.0255167,0.0188866,0.0259374,0.00263724,-0.0144128,0.0150906,0.20361,0.0360637,61,7.4162,212,4.77493,0.509434,,8.6,2.70185,0.522984,0.0358426,0.566536,0.0062378,0.580751,0.0105116,1575,166.46,7243.8,508.075,247,30.1081,0.167156,0.00871493,23.8888,2.51831,9.19522,0.789308,1.04219,0.144124,0.269689,0.00818666,6.60473,0.623815,,,,,,,,,,,,,,,,,,0.118333,0.0795822,2.065,0.790908,FAIL,FAIL,pass,pass,n/a,windows,,0.5,,1
live-search,1,5,,,200,3,1.58114,12,0,5423.2,384.9,0.885426,0.0178447,0.964449,0.0086586,17.3413,1.58618,64.9155,6.93181,16.2638,1.19733,14.2,0.83666,3,0,126.58,10.9491,0.869795,0.0308049,3.83391,0.0376941,5784,53.6656,0.0277268,0.00924358,0.0279004,0.00960848,0.0852289,0.011264,0,0,0.00312015,0.00133364,,,40.2,6.76018,0.903847,0.0236391,,,508.4,57.0289,191.003,20.9453,0.163028,0.0154644,inf,,297.8,57.7555,0.738808,0.0413913,,,,,136,43.7721,52.9266,17.5758,0.315065,0.0579083,0,0,inf,,0.551546,0.0554869,91.449,9.91668,27.0237,12.7196,0.731415,0.0323032,0.922207,0.0179554,0.792928,0.0249515,0,0,0.0795767,0.00393015,29.2,2.48998,0.0267934,0.0080032,0.0257784,0.00185355,-0.000233824,0.0237996,0.192728,0.0451511,61,7.4162,203,4.82701,0.600985,,6.8,2.04939,0.542152,0.0602369,0.557184,0.00436621,0.563036,0.00763382,1401.8,151.755,6550,602.864,207.6,42.4947,0.193123,0.018591,26.402,1.86861,8.38368,0.785151,0.88616,0.0964891,0.248074,0.00476863,8.49918,0.578874,,,,,,,,,,,,,,,,,,0.105,0.156636,2.62,0.669955,FAIL,FAIL,pass,pass,n/a,windows,,0.5,,3
live-search,2,5,,,200,3,1.58114,12,0,5502.6,370.825,0.964849,0.00569932,0.99956,0.000360824,7.91803,0.455646,31.7223,1.62472,7.90742,0.463605,13.8,0.83666,1.1,0.223607,161.38,10.7653,0.386657,0.0222784,3.32113,0.0205644,5760,0,0.0138889,0.00407894,0.0139931,0.00415508,0.0627083,0.00708984,0,0,7.31766e-05,0.000100885,,,40.6,4.97996,0.957208,0.0449119,,,450.6,29.0224,169.187,7.53408,0.168454,0.0224696,inf,,250.8,65.063,0.844017,0.0623031,,,,,77.8,25.3417,30.1062,9.80198,0.223621,0.0290684,0,0,inf,,0.533231,0.0536087,94.5073,9.21096,53.8915,27.3272,0.900881,0.0169653,0.995445,0.010185,0.90496,0.0103492,0,0,0.0605659,0.00348328,27.4,2.07364,0.0555697,0.0171021,0.0561948,0.0122763,-0.0174147,0.00737879,0.212323,0.0557824,61,7.4162,213,7.0214,0.469484,,10,,0.468543,0.0141584,0.565416,0.00621935,0.570409,0.0173773,1379.2,112.806,6405.4,506.346,206.8,21.4173,0.124342,0.0106035,14.0952,0.685597,7.95096,0.523985,0.924343,0.0783604,0.22919,0.0106934,5.36111,0.346542,,,,,,,,,,,,,,,,,,0.0383333,0.0686173,1.52,0.347041,pass,FAIL,pass,FAIL,n/a,windows,,1,,1
live-search,3,5,,,200,3,1.58114,12,0,5497.8,369.479,0.934267,0.0110645,0.985149,0.00348052,11.8213,0.951685,45.9295,4.67867,11.4605,0.825829,14.2,1.09545,2,0,164.28,12.1226,0.200227,0.0169932,3.15813,0.0141822,5784,53.6656,0.014983,0.00488546,0.0151913,0.00515648,0.0694877,0.010359,0,0,0.000856032,0.000446265,,,39.2,3.42053,0.932603,0.0511731,,,396.2,51.0559,148.615,16.2852,0.143262,0.0321827,inf,,199.2,43.2747,0.758208,0.0218826,,,,,56.2,16.9027,21.7864,6.6765,0.212231,0.0464771,0,0,inf,,0.517659,0.0990901,99.3861,18.5034,26.0202,11.3613,0.820037,0.030211,0.960697,0.0124575,0.853385,0.0210129,0,0,0.0646166,0.00645412,29,1.58114,0.0555343,0.0147917,0.060489,0.00638883,0.00497591,0.0169934,0.16732,0.0454427,61,7.4162,199,7.56307,0.442211,,13,,0.429505,0.030048,0.556429,0.0100256,0.566977,0.00679954,1207.8,136.311,5711,487.222,185.4,26.2545,0.153115,0.0257659,14.3079,2.72347,7.02905,0.553504,0.744968,0.0935299,0.205476,0.00553565,5.73218,0.360705,,,,,,,,,,,,,,,,,,0.035,0.0613505,2.05167,0.448276,FAIL,FAIL,pass,FAIL,n/a,windows,,1,,3
live-search,4,5,,,350,3,1.58114,12,0,9779.4,313.029,0.977088,0.00128083,0.999896,9.4885e-05,5.83866,0.108637,23.1155,0.543064,5.83844,0.108453,23.6,0.894427,2,0,245.48,8.002,0.940421,0.0059752,3.92212,0.00767612,5760,0,0.0130208,0.00326647,0.0130903,0.00335209,0.0701389,0.00823876,0,0,6.05827e-05,5.5367e-05,,,42,6.81909,0.965577,0.0391656,,,916.6,40.5623,197.577,12.516,0.116889,0.0145379,inf,,345.8,82.0347,0.884942,0.0396904,,,,,77.6,17.8129,17.0966,4.07318,0.146951,0.0110678,0,0,inf,,0.400855,0.0181195,124.932,5.50329,47.8565,26.4611,0.933934,0.00760706,1,0,0.933934,0.00760706,0,0,0.0474786,0.00574226,50.6,1.81659,0.0252467,0.00971002,0.0271783,0.00549608,-0.0156244,0.00589356,0.218783,0.0314011,102.8,9.83362,398,7.73305,0.540201,,7.8,2.04939,0.527207,0.0233328,0.563985,0.00259335,0.5775,0.00713441,3231.6,134.959,15182.8,701.96,480.8,21.0523,0.0714224,0.0025052,10.6208,0.983533,10.0716,0.482195,1.08247,0.0985092,0.257151,0.0121128,9.60461,0.546509,,,,,,,,,,,,,,,,,,0.0166667,0.0176777,1.11667,0.291071,pass,FAIL,pass,pass,FAIL,windows,,0.5,,1
live-search,5,5,,,350,3,1.58114,12,0,9373.2,438.657,0.945759,0.0068684,0.989167,0.00263155,10.8379,0.491825,39.1475,3.43743,10.6831,0.441795,23.4,0.547723,3,0,229.86,11.7453,0.910288,0.0159986,3.88394,0.0201794,5760,0,0.0186111,0.00355034,0.0186111,0.00355034,0.0968056,0.00916084,0,0,0.000763516,0.000420417,,,36,5.95819,0.960122,0.0627865,,,864,26.8421,186.114,6.83873,0.110414,0.0128809,inf,,339.4,30.0549,0.76644,0.0180456,,,,,77.6,22.289,17.0952,4.8982,0.175295,0.0331955,0,0,inf,,0.419919,0.0387898,119.867,10.8204,27.0935,10.7936,0.849927,0.0136426,0.979819,0.0122821,0.867452,0.0109106,0,0,0.0507194,0.00309245,47.8,2.04939,0.0200511,0.00291845,0.0243154,0.00443382,-0.0114256,0.00719251,0.20607,0.0290793,102.8,9.83362,373,6.38749,0.571046,,7.4,1.14018,0.53196,0.0175248,0.553906,0.00609544,0.560062,0.001718,2914.2,273.956,13593.6,879.242,440.6,54.2706,0.108251,0.0179497,15.5386,1.78909,9.18954,0.704941,0.956867,0.0943041,0.23585,0.00265206,13.1409,0.818898,,,,,,,,,,,,,,,,,,0.01,0.0180662,1.53667,0.604888,FAIL,FAIL,pass,pass,FAIL,windows,,0.5,,3
live-search,6,5,,,350,3,1.58114,12,0,9831.4,395.24,0.986229,0.00104099,1,0,5.38665,0.0134361,19.7304,0.6225,5.38688,0.0133466,23.4,0.547723,2,0,280.58,11.001,0.550282,0.0103439,3.47857,0.0104235,5760,0,0.00899306,0.00235306,0.00916667,0.00235306,0.0535764,0.00544403,0,0,1.97492e-05,4.41605e-05,,,40.4,4.82701,1,0,,,805.2,22.1179,173.445,5.76673,0.0943238,0.0138548,inf,,271.6,72.4244,0.88712,0.0448268,,,,,33.8,10.0349,7.46881,2.27097,0.101164,0.0168198,0,0,inf,,0.350394,0.0185318,143.006,7.33175,58.3527,36.3173,0.955517,0.00542454,1,0,0.955517,0.00542454,0,0,0.0402706,0.00578984,50,3.39116,0.0437669,0.00422622,0.0490952,0.0028872,-0.0137929,0.00873431,0.200546,0.0197153,102.8,9.83362,382,7.89303,0.505236,,8.8,2.48998,0.491685,0.0237851,0.565276,0.00405404,0.577705,0.00680211,2948.6,154.832,13699.2,685.596,452.6,40.2032,0.0519959,0.0037554,6.61723,0.678928,8.97863,0.459869,0.98848,0.0875246,0.22944,0.00710753,8.35343,0.410074,,,,,,,,,,,,,,,,,,0.0683333,0.0490889,1.02833,0.165475,pass,pass,pass,pass,FAIL,windows,,1,,1
live-search,7,5,,,350,3,1.58114,12,0,9338.4,426.509,0.970184,0.00405792,0.996171,0.00112934,10.1607,0.0849599,29.8206,1.26898,10.1537,0.0836406,23.2,0.83666,2.6,0.547723,279.62,12.15,0.322879,0.024348,3.26354,0.0217634,5760,0,0.0101389,0.00200444,0.0101736,0.00196649,0.0697917,0.0101744,0,0,0.000192772,0.000188232,,,42.8,7.22496,0.957879,0.0284039,,,695.2,46.5639,149.749,10.3124,0.100951,0.0178579,inf,,239.2,30.1778,0.808624,0.0143566,,,,,30.8,9.95992,6.80026,2.18225,0.106478,0.0148413,0,0,inf,,0.372958,0.05431,136.339,19.6362,30.2732,18.093,0.909322,0.0102278,1,0,0.909322,0.0102278,0,0,0.0424348,0.00287578,48.6,3.04959,0.0496892,0.0120355,0.0597594,0.0117813,-0.0181747,0.00493911,0.166385,0.0197803,102.8,9.83362,372,8.38451,0.5,,9,1.22474,0.461891,0.0246039,0.556473,0.0019821,0.56336,0.00804438,2460.8,131.161,11516.8,744.849,365.6,28.4306,0.0728303,0.0082091,8.08627,1.30894,7.65231,0.393554,0.798061,0.0778577,0.209121,0.00714782,9.54527,0.50608,,,,,,,,,,,,,,,,,,0.0166667,0.0328084,1.59667,0.409081,FAIL,FAIL,pass,FAIL,FAIL,windows,,1,,3
live-search,8,5,,,500,3,1.58114,12,0,14222.6,444.668,0.98702,0.000748445,0.999976,5.46916e-05,4.19321,0.178337,16.383,0.545395,4.19291,0.178291,33.4,0.547723,2,0,358.02,11.3871,0.956145,0.00403155,3.94237,0.00522719,5760,0,0.0102431,0.00306167,0.0102778,0.00312355,0.0589583,0.00824113,0,0,0,0,,,40,4.89898,1,0,,,1320.8,40.5364,195.2,9.19479,0.0789229,0.00877926,inf,,329.6,38.6432,0.904575,0.0418144,,,,,44,19.6214,6.6886,3.25927,0.0803429,0.0223797,0,0,inf,,0.295323,0.0269094,170.408,15.1861,47.5836,22.0226,0.953776,0.00177128,1,0,0.953776,0.00177128,0,0,0.0315722,0.00187802,71,2.44949,0.0237535,0.00577435,0.0268202,0.00448962,-0.011325,0.00416738,0.20098,0.0370995,157.4,25.0859,609,18.8335,0.56486,,6.2,0.447214,0.535379,0.0133319,0.558075,0.00344619,0.569095,0.00551207,5024.4,170.862,23642.8,947.606,742.4,51.4033,0.0348572,0.00605873,5.51172,1.08678,10.2698,0.590841,1.05788,0.0950056,0.25713,0.00726412,12.4303,0.299503,,,,,,,,,,,,,,,,,,0.0216667,0.0260875,0.601667,0.240471,pass,FAIL,pass,pass,FAIL,windows,,0.5,,1
live-search,9,5,,,500,3,1.58114,12,0,13953.6,537.634,0.969516,0.00352794,0.996097,0.000840808,9.69113,0.273743,27.644,1.24679,9.6339,0.297707,34.6,1.51658,3.2,0.447214,348.22,13.7196,0.928667,0.00874445,3.90712,0.0111325,5760,0,0.0142014,0.00239747,0.0142708,0.00231431,0.100625,0.0109867,0,0,0.000315471,0.000118072,,,40,7.10634,0.985882,0.0129539,,,1281.4,55.9491,189.534,13.8319,0.0841405,0.0132518,inf,,377.8,52.6279,0.756798,0.0245975,,,,,65.8,15.8965,9.89749,2.28952,0.109601,0.0158064,0,0,inf,,0.317299,0.0346164,159.092,17.3537,22.9918,7.68452,0.904674,0.0145967,1,0,0.904674,0.0145967,0,0,0.0386406,0.00363168,72,4.69042,0.0219351,0.00953791,0.0239752,0.00705585,-0.00746449,0.00594838,0.226842,0.0484207,157.4,25.0859,599,19.4216,0.512521,,7.8,1.64317,0.510114,0.0136933,0.551461,0.00322263,0.561416,0.00856108,4616.8,403.515,21995.2,1252.39,701.2,87.371,0.0669069,0.00675973,10.157,1.31587,9.65253,0.762545,0.971782,0.120048,0.238175,0.00422987,18.2174,0.95611,,,,,,,,,,,,,,,,,,0.0183333,0.0160295,1.30833,0.558458,pass,FAIL,pass,pass,FAIL,windows,,0.5,,3
live-search,10,5,,,500,3,1.58114,12,0,14226.2,573.963,0.992702,0.000765872,1,0,4.71528,0.202613,13.8722,0.53818,4.71542,0.20282,33.6,1.34164,2,0,393.92,14.9085,0.670726,0.0106405,3.60442,0.0115573,5760,0,0.00447917,0.000449381,0.00447917,0.000449381,0.0405208,0.00346918,0,0,0,0,,,37.2,6.01664,1,0,,,1158.8,56.2468,171.151,7.64727,0.0716839,0.00925893,inf,,255.8,43.0198,0.916381,0.0357105,,,,,15.8,11.4324,2.42734,1.82623,0.0393408,0.0161906,0,0,inf,,0.276371,0.0340359,183.168,22.9328,39.035,15.1287,0.974193,0.00290478,1,0,0.974193,0.00290478,0,0,0.0274106,0.00361102,70.4,3.64692,0.0400993,0.0151062,0.0404079,0.00687446,-0.0101341,0.0119874,0.195428,0.0205038,157.4,25.0859,593,19.5013,0.494098,,7.2,0.83666,0.468577,0.01673,0.5551,0.00335914,0.567575,0.004185,4658.2,166.624,21799.6,1029.71,693,46.1303,0.0257092,0.00296829,3.54092,0.435438,9.47308,0.500867,1.00157,0.0501759,0.232974,0.00831034,11.2524,0.375421,,,,,,,,,,,,,,,,,,0.00333333,0.00456435,0.555,0.0649786,pass,pass,pass,FAIL,FAIL,windows,,1,,1
live-search,11,5,,,500,3,1.58114,12,0,13946.8,484.454,0.984477,0.00142763,0.999134,0.000516324,8.22787,0.474171,22.107,1.08892,8.21424,0.474343,34,1.58114,3,0,410.66,12.8687,0.43011,0.021484,3.36155,0.0201254,5760,0,0.00972222,0.00413216,0.00979167,0.0040782,0.0659375,0.0120227,0,0,0.0001161,8.54869e-05,,,37.2,6.09918,0.990326,0.0132862,,,1082.2,48.7309,160.115,12.5853,0.0708675,0.0103143,inf,,273,35.3553,0.784094,0.0445172,,,,,29.6,14.6561,4.48735,2.21824,0.0600157,0.0204589,0,0,inf,,0.280199,0.0419659,181.702,27.3234,27.9623,15.9227,0.945317,0.00646726,1,0,0.945317,0.00646726,0,0,0.0315426,0.00403382,71.4,3.04959,0.0477522,0.0146567,0.0504992,0.0101528,-0.00675659,0.00600335,0.192898,0.042559,157.4,25.0859,590,16.8077,0.479661,,8.8,0.447214,0.452472,0.020884,0.551175,0.00301237,0.560435,0.0079956,4089.4,310.336,18958.8,1102.38,598.2,70.1049,0.0448164,0.0049731,5.17852,0.800949,8.41455,0.683221,0.843347,0.110582,0.21044,0.00359064,14.1969,0.652324,,,,,,,,,,,,,,,,,,0.00666667,0.0108653,0.968333,0.457628,pass,pass,pass,FAIL,FAIL,windows,,1,,3
live-search,12,5,,,200,3,1.58114,12,0,7191.8,545.918,0.971264,0.00484907,0.999497,0.000616203,9.38874,0.655082,34.1773,2.33239,9.378,0.646779,18.2,1.09545,2,0,181.36,15.0387,0.92029,0.0199736,3.8966,0.0252842,5760,0,0.0350347,0.00855235,0.0351389,0.00857628,0.106771,0.0118482,0,0,0.000263874,0.00029864,,,56.6,9.01665,0.978884,0.0244877,,,755,71.102,283.337,20.7555,0.211425,0.0234843,inf,,583,126.127,0.824331,0.0264579,,,,,460.6,123.241,175.751,44.022,0.451831,0.0294804,0,0,inf,,0.71795,0.105111,70.8302,10.1581,54.8044,25.0289,0.921249,0.0100543,0.997029,0.00664325,0.924008,0.00971882,0.001,0.00223607,0.0930849,0.00682507,28.8,2.28035,0.0244846,0.00853955,0.026351,0.00472837,-0.0204923,0.0216629,0.256336,0.0413473,61,7.4162,234,5.63028,0.564103,,6.2,1.09545,0.534364,0.0513152,0.581899,0.00316127,0.594223,0.0189032,2109.4,164.284,9678.8,618.843,311.8,19.9925,0.182545,0.0144282,26.7644,1.47275,12.0767,0.619065,1.34726,0.087043,0.290191,0.0084583,9.21152,0.787819,,,,,,,,,,,,,,,,,,0.221667,0.0999305,2.33,0.562873,pass,FAIL,pass,pass,n/a,generous,,0.5,,1
live-search,13,5,,,200,3,1.58114,12,0,7114,533.13,0.939026,0.0111207,0.984717,0.00642327,14.8464,1.35858,52.7315,7.23187,14.4368,1.14691,18.8,1.30384,3,0,175.72,14.2073,0.877411,0.0287501,3.84323,0.0354523,5784,53.6656,0.0417673,0.0090395,0.0421145,0.00942331,0.142163,0.0174156,0,0,0.00246009,0.00111777,,,49.8,5.89067,0.935879,0.0589501,,,710.2,93.0226,266.57,31.4975,0.221958,0.012304,inf,,581.6,80.736,0.727691,0.0386271,,,,,430,73.9493,165.226,29.9954,0.478441,0.0211905,0,0,inf,,0.708414,0.0389412,70.7626,4.14919,36.3203,16.9239,0.846369,0.0224526,0.971084,0.00671732,0.871485,0.0176345,0,0,0.101786,0.00865483,29,1.41421,0.0231243,0.0125019,0.0246615,0.00485497,-0.00422974,0.0147591,0.187571,0.0623535,61,7.4162,228,5.63915,0.530702,,6.8,1.09545,0.497991,0.0374775,0.577771,0.00783038,0.586319,0.0137172,1932,166.32,8909.8,750.655,272.2,30.971,0.213251,0.0153623,30.584,2.94583,11.2696,0.934909,1.16665,0.211952,0.253696,0.00593879,12.2858,1.14105,,,,,,,,,,,,,,,,,,0.261667,0.210621,3.12333,0.983923,FAIL,FAIL,pass,pass,n/a,generous,,0.5,,3
live-search,14,5,,,200,3,1.58114,12,0,7197,512.534,0.983365,0.00142809,0.999951,0.00011007,6.93571,0.453614,27.3099,1.28248,6.93491,0.453367,18,1.22474,2,0,213.26,14.4524,0.420298,0.0191049,3.35231,0.0178851,5760,0,0.0166319,0.0043166,0.0172917,0.00465459,0.0973958,0.00776607,0,0,0,0,,,51.4,4.03733,0.961184,0.0357174,,,624.6,55.6893,234.602,18.7671,0.18,0.0342883,inf,,405,114.318,0.830218,0.0461507,,,,,228.6,65.7138,87.179,23.8244,0.358904,0.0320879,0,0,inf,,0.604258,0.0642505,83.5333,9.25628,67.5297,48.944,0.947417,0.00662302,1,0,0.947417,0.00662302,0,0,0.080834,0.00719607,28.8,1.64317,0.051816,0.0207229,0.0549904,0.00692211,-0.0151712,0.0192969,0.205339,0.0345128,61,7.4162,227,6.22896,0.519824,,7.8,1.30384,0.478272,0.0136747,0.584466,0.00716721,0.603341,0.0121111,1878.6,133.035,8655.4,644.287,277.4,22.3897,0.137504,0.013299,16.4679,1.35267,10.5141,0.652987,1.17927,0.104029,0.244598,0.00828057,7.33187,0.426993,,,,,,,,,,,,,,,,,,0.163333,0.127012,2.015,0.613092,pass,FAIL,pass,pass,n/a,generous,,1,,1
live-search,15,5,,,200,3,1.58114,12,0,7070,542.053,0.965474,0.00767289,0.995648,0.00323466,10.8011,0.490479,38.6474,4.43231,10.7143,0.400213,18,1.58114,2.2,0.447214,216.58,17.1277,0.232457,0.0211996,3.18518,0.0178823,5784,53.6656,0.0195465,0.00353765,0.0197548,0.00376241,0.111089,0.0166671,0,0,0.000382964,0.000334739,,,53.4,3.84708,0.947566,0.0423906,,,549.2,67.4959,206.074,21.7119,0.181301,0.0198985,inf,,353,29.0172,0.774841,0.016704,,,,,173.2,43.13,66.8188,18.073,0.352719,0.0427494,0,0,inf,,0.620464,0.0621221,81.2019,7.72498,35.9789,17.5307,0.910139,0.0182407,0.996552,0.00771058,0.913281,0.0162893,0,0,0.0854488,0.00880309,30.2,4.08656,0.0577302,0.0206055,0.0601697,0.0162417,-0.00959766,0.0158883,0.170321,0.0369419,61,7.4162,224,5.97495,0.428571,,11.2,4.76445,0.388392,0.0660403,0.573378,0.00453257,0.577031,0.0168984,1583.2,174.196,7632.6,677.29,245.6,25.016,0.167113,0.0130249,16.824,2.32079,9.02859,0.923294,0.914598,0.134515,0.204567,0.00739048,7.82901,0.677575,,,,,,,,,,,,,,,,,,0.161667,0.11143,2.75667,1.0392,FAIL,FAIL,pass,FAIL,n/a,generous,,1,,3
live-search,16,5,,,350,3,1.58114,12,0,12724.4,368.273,0.987965,0.00142256,1,0,5.11278,0.0777553,20.2224,0.147886,5.11326,0.0777214,30.4,0.547723,2,0,321.94,9.6728,0.94801,0.00491034,3.93187,0.00632892,5760,0,0.0201389,0.00526302,0.0201736,0.00532055,0.103507,0.0100029,0,0,0,0,,,52.4,5.36656,0.988767,0.0172789,,,1253.2,30.5974,269.962,8.90578,0.138219,0.0127564,inf,,531.2,43.0662,0.874532,0.0230933,,,,,269.6,41.4524,59.1464,10.5352,0.279393,0.0297464,0,0,inf,,0.492623,0.0300964,101.803,6.26177,58.3997,33.3388,0.960821,0.00360422,1,0,0.960821,0.00360422,0,0,0.0599697,0.00495382,49.6,3.36155,0.0234873,0.00969812,0.0253698,0.00554611,-0.0181948,0.013098,0.221602,0.0391198,102.8,9.83362,420,8.86002,0.552381,,6,0.707107,0.533791,0.0312339,0.582126,0.00350496,0.592793,0.00481704,4312,229.236,20169,742.478,648.2,27.5536,0.0737418,0.00654727,11.652,1.01682,13.0946,0.628219,1.34689,0.120161,0.277594,0.0116652,13.2667,0.565354,,,,,,,,,,,,,,,,,,0.06,0.043859,1.09667,0.354955,pass,FAIL,pass,pass,FAIL,generous,,0.5,,1
live-search,17,5,,,350,3,1.58114,12,0,12126.6,479.877,0.971755,0.00283478,0.995851,0.000903653,10.2998,0.0903557,32.999,1.67248,10.2891,0.0887217,30.4,1.14018,3.4,0.547723,305.46,13.0213,0.91449,0.0133306,3.8892,0.0167938,5760,0,0.0298958,0.00867135,0.0300347,0.00894982,0.157778,0.0129427,0,0,0.000762553,0.000226315,,,53.2,4.65833,0.988348,0.0107751,,,1196.6,67.129,257.827,16.5306,0.151342,0.0126411,inf,,646.4,35.5711,0.751075,0.0181377,,,,,279.2,56.9096,61.1301,12.8514,0.316123,0.0359187,0,0,inf,,0.535136,0.0350351,93.7557,6.14273,39.2564,23.5736,0.919019,0.00779963,1,0,0.919019,0.00779963,0,0,0.0636127,0.00497885,50.2,4.02492,0.0227168,0.00094087,0.0251819,0.00590052,-0.0114007,0.00655303,0.214702,0.0367199,102.8,9.83362,403,9.58123,0.543424,,6.6,1.81659,0.512253,0.032011,0.570892,0.00270527,0.580425,0.00659242,3972,258.222,18033.4,918.607,576.2,47.4837,0.119059,0.00752868,18.6989,1.74169,12.2156,0.730567,1.20171,0.135182,0.249146,0.00437312,19.1722,1.05209,,,,,,,,,,,,,,,,,,0.103333,0.157299,2.16167,0.863387,FAIL,FAIL,pass,pass,FAIL,generous,,0.5,,3
live-search,18,5,,,350,3,1.58114,12,0,12653.8,441.401,0.993503,0.000852663,1,0,5.17994,0.0676045,16.9239,0.565225,5.18013,0.0676339,30.4,1.14018,2,0,357.32,11.1836,0.613027,0.014154,3.54304,0.0148135,5760,0,0.00972222,0.00370529,0.00993056,0.0036898,0.0767361,0.00793879,0,0,0,0,,,53.6,1.51658,0.99245,0.0103411,,,1107,24.3208,238.516,9.16033,0.131089,0.0119018,inf,,427.6,62.4083,0.889793,0.0221366,,,,,125,30.4138,27.4489,7.24563,0.205524,0.0253693,0,0,inf,,0.441719,0.0291166,113.601,7.72061,58.7281,34.306,0.978344,0.00452775,1,0,0.978344,0.00452775,0,0,0.0527871,0.00411828,48.4,2.50998,0.0416753,0.0105735,0.0426285,0.00508307,-0.0180815,0.00690766,0.186081,0.0247935,102.8,9.83362,417,6.8775,0.472422,,8,1.22474,0.463863,0.0443112,0.581329,0.00481488,0.598939,0.00961456,3956.2,197.583,18424,798.791,596.2,30.2936,0.0516678,0.00275636,6.77787,0.661488,11.8185,0.631005,1.2363,0.0809688,0.240101,0.0104889,11.3251,0.519013,,,,,,,,,,,,,,,,,,0.05,0.0460223,1.05167,0.257553,pass,pass,pass,FAIL,FAIL,generous,,1,,1
live-search,19,5,,,350,3,1.58114,12,0,12072.8,601.815,0.985893,0.00124475,0.998989,0.000475019,9.70312,0.464682,25.4948,1.5547,9.69442,0.462548,29.8,1.64317,3,0,363.32,17.3276,0.363607,0.0206881,3.30019,0.0188068,5760,0,0.0133681,0.00114504,0.0133681,0.00114504,0.101076,0.0112126,0,0,9.88669e-05,3.36559e-05,,,52.4,4.82701,0.988179,0.0109511,,,948.6,57.4003,204.401,14.0232,0.129225,0.0149163,inf,,403.8,44.578,0.786461,0.0289935,,,,,131,40.5524,28.5723,8.75811,0.228885,0.0356118,0,0,inf,,0.446225,0.0444146,113.012,12.1006,31.96,15.4977,0.953937,0.00270568,1,0,0.953937,0.00270568,0,0,0.0570183,0.00462358,50.4,3.91152,0.0522746,0.0102833,0.0574736,0.00890381,-0.01165,0.0091147,0.181584,0.0290809,102.8,9.83362,400,7.96869,0.4875,,8.4,1.67332,0.446588,0.0360555,0.568921,0.00483442,0.582496,0.00730949,3353,291.12,15401.4,968.681,519.6,45.6377,0.0875611,0.0102363,10.1372,1.37644,10.0676,0.649033,0.998753,0.0930116,0.212863,0.00523859,13.3989,0.74443,,,,,,,,,,,,,,,,,,0.0366667,0.0649786,1.365,0.277101,pass,FAIL,pass,FAIL,FAIL,generous,,1,,3
live-search,20,5,,,500,3,1.58114,12,0,18572.4,606.305,0.99434,0.000283631,1,0,3.25946,0.087927,13.1711,0.364115,3.26014,0.0882885,43.8,1.92354,2,0,470.38,15.8438,0.962,0.00337759,3.94997,0.00439411,5760,0,0.0127431,0.00266876,0.0128125,0.00266537,0.0852083,0.00534739,0,0,0,0,,,56.4,10.2372,0.991551,0.0117982,,,1764.4,79.2263,260.858,16.8828,0.100066,0.010122,inf,,531.6,88.155,0.902198,0.0176931,,,,,107,39.128,16.0996,6.2584,0.141355,0.0340134,0,0,inf,,0.370372,0.0434163,136.616,17.3165,46.4721,19.3333,0.980845,0.00299781,1,0,0.980845,0.00299781,0,0,0.0415259,0.00482124,69.8,4.96991,0.0192904,0.0111723,0.0227398,0.00484854,-0.021094,0.0103007,0.218297,0.0367359,157.4,25.0859,650,19.2094,0.566154,,5.6,0.894427,0.521623,0.0269352,0.571673,0.00251266,0.587059,0.00484948,6811,210.144,31878.6,1318.04,1017.2,30.9629,0.0328001,0.00491104,5.2113,0.670817,13.462,0.646289,1.31909,0.0821152,0.274307,0.00503701,16.5416,0.725083,,,,,,,,,,,,,,,,,,0.0383333,0.0260875,0.881667,0.26203,pass,FAIL,pass,pass,FAIL,generous,,0.5,,1
live-search,21,5,,,500,3,1.58114,12,0,18204.2,640.17,0.985118,0.00178358,0.998859,0.000528554,8.22373,0.519463,23.5641,1.16192,8.20739,0.522293,44.8,1.09545,4,0,461.42,16.2876,0.9309,0.00974178,3.90997,0.0124616,5760,0,0.0259375,0.00441532,0.0259375,0.00441532,0.154236,0.0137035,0,0,0.000177546,0.000159178,,,53,6.63325,0.987944,0.0112606,,,1746.4,78.8879,258.324,19.5494,0.118418,0.0183421,inf,,712,97.3833,0.772018,0.0122444,,,,,222.2,64.2627,33.2057,9.20264,0.226071,0.0359637,0,0,inf,,0.425794,0.0532467,119.083,16.6229,42.0399,18.0039,0.951491,0.00544673,1,0,0.951491,0.00544673,0,0,0.0489155,0.00337305,71.6,2.70185,0.0237621,0.00550226,0.0238303,0.00613527,-0.00541445,0.0095526,0.2165,0.0325448,157.4,25.0859,644,18.1025,0.535714,,6.2,0.447214,0.516242,0.0389578,0.565801,0.00360551,0.577002,0.00376996,6318,501.77,29509.4,1263.24,951,85.0382,0.0683853,0.00560589,11.0364,1.37902,12.7386,0.934789,1.23273,0.103634,0.251939,0.00261047,25.9933,1.4422,,,,,,,,,,,,,,,,,,0.0716667,0.051908,1.42333,0.432427,pass,FAIL,pass,pass,FAIL,generous,,0.5,,3
live-search,22,5,,,500,3,1.58114,12,0,18526.6,630.83,0.996569,0.000220125,1,0,3.60982,0.123217,11.6795,0.407331,3.61013,0.123149,43.2,1.64317,2,0,505.06,15.8612,0.736728,0.0116957,3.67733,0.0132189,5760,0,0.00649306,0.00135372,0.00666667,0.00153624,0.0599306,0.00342942,0,0,0,0,,,54.4,7.70065,0.996078,0.00876889,,,1628,42.5911,240.619,11.0392,0.0944162,0.00389259,inf,,452.2,66.2246,0.926941,0.0270797,,,,,65.2,24.8737,9.81619,3.93074,0.108206,0.0274351,0,0,inf,,0.335912,0.0182945,149.198,8.01831,68.8762,46.4806,0.997578,0.00541472,1,0,0.997578,0.00541472,0,0,0.0372051,0.00330617,70.4,3.78153,0.0360362,0.00778071,0.0356629,0.00552588,-0.0167812,0.00855005,0.204125,0.0376038,157.4,25.0859,654,21.5105,0.495413,,7,1.22474,0.487313,0.00406568,0.569952,0.00340624,0.584568,0.00308531,6350,240.813,29963.4,1157.71,942.8,72.1228,0.0223686,0.00272032,3.2532,0.251529,12.5274,0.693612,1.25679,0.102354,0.244704,0.00426789,15.214,0.530042,,,,,,,,,,,,,,,,,,0.03,0.0298142,0.776667,0.237566,pass,pass,pass,FAIL,FAIL,generous,,1,,1
live-search,23,5,,,500,3,1.58114,12,0,18214,634.161,0.992204,0.000522794,0.999806,0.000157565,6.9337,0.371386,19.4508,0.896073,6.93306,0.37075,44.6,1.67332,3,0,531.76,16.3137,0.490152,0.0154347,3.41909,0.0150099,5760,0,0.0128472,0.00226694,0.0129167,0.002376,0.0917708,0.0164869,0,0,4.52128e-05,4.82008e-05,,,50.8,7.85493,0.99206,0.0108948,,,1472.8,79.8323,217.818,16.9125,0.102862,0.0127281,inf,,505.4,37.72,0.789612,0.0228016,,,,,113.6,20.2188,16.9491,2.73627,0.155768,0.0243554,0,0,inf,,0.37035,0.0113954,135.108,4.08472,31.8283,12.6141,0.973838,0.00364528,1,0,0.973838,0.00364528,0,0,0.0457716,0.00463076,71.6,3.57771,0.045721,0.00408617,0.0460453,0.00677396,-0.00990045,0.00972862,0.191837,0.032357,157.4,25.0859,638,21.5244,0.487461,,8,1.22474,0.446808,0.0279343,0.568132,0.00375819,0.581333,0.00618727,5518,458.315,25881,1203.1,808.6,74.7014,0.0464673,0.00803126,5.9151,1.10247,10.9677,0.849786,1.09903,0.137171,0.220579,0.00402197,20.1459,0.889519,,,,,,,,,,,,,,,,,,0.02,0.0315128,1.37667,0.769027,pass,FAIL,pass,FAIL,FAIL,generous,,1,,3
live-search-half-life,0,5,,,350,3,1.58114,60,0,59032,2747.99,0.986994,0.00104618,1,0,5.33396,0.0316589,18.5548,0.675668,5.33396,0.0316589,24.4,1.34164,1.6,0.547723,288.234,12.5442,0.571889,0.0118632,3.5005,0.0121192,33408,0,0.013374,0.00388733,0.0134399,0.00393997,0.0351712,0.00421002,0,0,0,0,,,239.2,18.0333,0.989935,0.0100162,,,4540,216.466,464.408,20.1342,0.0898027,0.00413622,inf,,2992.2,439.269,0.91314,0.024067,,,,,9601,2492.98,999.117,269.675,0.423013,0.00998847,0,0,inf,,0.162134,0.00873641,309.114,16.8784,208.214,121.582,0.965295,0.00544168,1,0,0.965295,0.00544168,0,0,0.0589043,0.00344027,106.4,6.54217,0.0693249,0.016516,0.057925,0.00968292,0.0104913,0.0127271,0.182085,0.0442054,616,22.5056,2789,21.0879,0.472929,,6.8,0.447214,0.480649,0.0176883,0.539955,0.00297211,0.542841,0.00642721,14144,620.466,66204.6,3427.45,2105.8,98.6798,0.220415,0.00919006,4.33687,0.45452,3.34937,0.181536,1.80214,0.0908221,0.238544,0.00531004,54.32,2.40034,,,,,,,,,,,,7,,,,,,0.0390805,0.0112858,0.877874,0.131652,pass,FAIL,pass,FAIL,pass,windows,,,,
live-search-half-life,1,5,,,350,3,1.58114,60,0,59069.2,2640.56,0.986735,0.000939722,0.999994,1.23118e-05,5.3821,0.0333144,19.6453,0.563542,5.38215,0.0333366,24,1,2,0,289.79,11.9182,0.554243,0.0147728,3.48259,0.0149147,33408,0,0.0127874,0.00236218,0.0129071,0.00234419,0.0600814,0.00448402,0,0,6.73514e-06,9.24129e-06,,,239.6,12.2393,0.982072,0.0157073,,,4524,298.198,462.758,28.9448,0.0939518,0.00350151,inf,,3161.4,483.763,0.887401,0.0282281,,,,,8550.8,2129.71,888.599,225.28,0.409059,0.00970558,0,0,inf,,0.166939,0.0107241,300.497,19.2034,191.739,116.863,0.963625,0.00243148,1,0,0.963625,0.00243148,0,0,0.0590971,0.00245653,102,5.14782,0.0742059,0.0137676,0.0576518,0.00752156,0.0336971,0.0179573,0.181484,0.053347,616,22.5056,2785,24.135,0.458887,,6.8,0.83666,0.469122,0.02433,0.557062,0.00524576,0.567642,0.0081349,14168.8,585.786,66432.2,3353.2,2081.8,102.697,0.186428,0.00651309,7.37517,0.545272,4.72113,0.200748,1.78136,0.100925,0.241086,0.0063539,60.127,2.85543,,,,,,,,,,,,14,,,,,,0.0362069,0.0167063,1.0092,0.0944874,pass,FAIL,pass,FAIL,FAIL,windows,,,,
live-search-half-life,2,5,,,500,3,1.58114,60,0,82505.4,5767.41,0.992441,0.000773888,1,0,4.58847,0.336059,13.6414,0.857343,4.5885,0.336054,33.2,2.16795,2,0,391.641,24.9338,0.681222,0.0234733,3.61593,0.0255358,33408,0,0.0104167,0.00171221,0.0104646,0.00174198,0.0275323,0.00282017,0,0,0,0,,,243.4,14.8762,0.991042,0.00881899,,,6458.8,502.741,465.482,26.1634,0.0712175,0.00408659,inf,,3191,364.462,0.924388,0.0260227,,,,,7058.6,3619.51,515.389,256.907,0.351255,0.0116824,0,0,inf,,0.12855,0.00833764,390.222,24.4697,206.535,117.834,0.97681,0.00247783,1,0,0.97681,0.00247783,0,0,0.0456192,0.00147354,158.4,6.58027,0.0709487,0.0077836,0.0537219,0.00824141,0.014491,0.00855309,0.187316,0.0291336,866.2,32.668,3919,37.225,0.488135,,6.2,0.447214,0.477908,0.0165614,0.535686,0.00160319,0.540631,0.00283008,22064.2,1476.43,105122,7976.88,3298.4,161.87,0.173767,0.00395364,2.31066,0.366818,3.34145,0.161513,1.80479,0.04599,0.240104,0.00596361,71.8263,4.29463,,,,,,,,,,,,7,,,,,,0.0293103,0.00889181,0.675862,0.0988178,pass,FAIL,pass,FAIL,pass,windows,,,,
live-search-half-life,3,5,,,500,3,1.58114,60,0,82432.4,5836.37,0.992444,0.00107125,1,0,4.79571,0.2664,14.3614,0.92096,4.79577,0.266377,33.2,2.28035,2,0,393.045,25.7635,0.66615,0.0218737,3.59957,0.0235379,33408,0,0.00819564,0.00117511,0.00821959,0.0011598,0.0497965,0.00417361,0,0,0,0,,,238.8,14.2373,0.988629,0.0126307,,,6440,530.931,464.093,28.1858,0.0701956,0.00516951,inf,,3368.4,409.006,0.908369,0.0177954,,,,,5800,1438.43,423.529,98.4659,0.344577,0.0132613,0,0,inf,,0.129639,0.0124612,388.527,37.0422,177.69,68.3363,0.978162,0.00357818,1,0,0.978162,0.00357818,0,0,0.044389,0.0011294,149.6,6.80441,0.0753965,0.00729159,0.0503532,0.0052068,0.0472079,0.019809,0.189117,0.0318121,866.2,32.668,3917,38.5461,0.483789,,6.8,0.447214,0.473957,0.0105746,0.552744,0.00122073,0.56202,0.00394688,22266,1572.46,105364,8067.7,3317.4,255.706,0.138561,0.00530994,4.12225,0.429003,4.7759,0.30722,1.777,0.0376643,0.241904,0.00736398,77.4806,4.03872,,,,,,,,,,,,14,,,,,,0.029023,0.0175205,0.714368,0.126789,pass,pass,pass,FAIL,FAIL,windows,,,,
live-search-half-life,4,5,,,350,3,1.58114,60,0,76759.2,3521.85,0.993919,0.000411518,1,0,5.08406,0.0609247,15.5306,0.740201,5.08406,0.0609212,31.4,1.34164,2,0,370.041,15.7758,0.639655,0.0115801,3.5711,0.0123004,33408,0,0.0159842,0.00543178,0.01608,0.00555365,0.0494133,0.00409072,0,0,0,0,,,318,11,0.991814,0.00481505,,,6371.2,341.366,651.921,37.2211,0.116033,0.00506206,inf,,5288,674.293,0.904672,0.0217316,,,,,52303.8,11682.9,5409.73,1186.27,0.519659,0.0111061,0,0,inf,,0.201352,0.00696303,248.562,8.72703,254.228,135.205,0.982037,0.00184623,1,0,0.982037,0.00184623,0,0,0.0766718,0.00268068,103.6,6.34823,0.0620619,0.00920165,0.050129,0.00714356,0.0130787,0.0157416,0.189688,0.0496678,616,22.5056,2871,22.51,0.475792,,6.2,0.447214,0.470194,0.0178844,0.548131,0.00409845,0.554465,0.00615078,17825.8,792.944,83887.6,4432.96,2630.8,126.134,0.253498,0.00705301,4.46682,0.379928,4.25555,0.2467,2.16436,0.0757622,0.244488,0.00600369,74.2458,3.55953,,,,,,,,,,,,7,,,,,,0.0793103,0.0378831,1.06293,0.0833048,pass,FAIL,pass,FAIL,pass,generous,,,,
live-search-half-life,5,5,,,350,3,1.58114,60,0,76572.6,3460.23,0.993913,0.000656244,1,0,5.1786,0.0551987,17.0041,0.746876,5.17865,0.0552582,31.4,1.34164,2,0,371.862,15.5795,0.614482,0.0140884,3.54456,0.0147397,33408,0,0.0160441,0.00531329,0.0161398,0.00538724,0.0872366,0.00314599,0,0,0,0,,,310.8,19.1494,0.990436,0.00789263,,,6283.8,286.884,642.898,29.7084,0.120523,0.00669869,inf,,5551.4,652.035,0.870122,0.0206274,,,,,49648.4,11175.1,5135.32,1057.58,0.515534,0.0118735,0,0,inf,,0.205658,0.0116762,243.768,14.2222,233,135.839,0.982376,0.00281278,1,0,0.982376,0.00281278,0,0,0.0746816,0.00234655,100,1.22474,0.071806,0.00860596,0.0520821,0.0049956,0.0372894,0.0132783,0.182654,0.0473107,616,22.5056,2842,25.501,0.463758,,6.6,0.547723,0.463607,0.0269245,0.570705,0.00464973,0.583168,0.00702475,17852,933.746,83989.4,4522.88,2634,142.218,0.208383,0.00641075,7.56251,0.56769,6.14374,0.356551,2.14445,0.092694,0.2476,0.00463763,82.1367,3.1424,,,,,,,,,,,,14,,,,,,0.0557471,0.0316484,1.10402,0.1495,pass,FAIL,pass,FAIL,FAIL,generous,,,,
live-search-half-life,6,5,,,500,3,1.58114,60,0,107126,7386.78,0.996967,0.000544128,1,0,3.54336,0.274084,11.2873,0.737644,3.54339,0.274135,43,2.91548,2,0,501.493,31.573,0.741734,0.0213851,3.68307,0.0241279,33408,0,0.00974617,0.00100032,0.00981801,0.00100777,0.0386015,0.00352273,0,0,0,0,,,302.4,5.50454,0.996023,0.00365731,,,8992.2,722.213,648.027,37.7893,0.090728,0.00293756,inf,,5513.4,628.282,0.918886,0.0185267,,,,,29202.2,13048.7,2123.33,924.389,0.443673,0.0183874,0,0,inf,,0.155781,0.00810947,321.616,15.6626,235.681,117.182,0.991276,0.00204753,1,0,0.991276,0.00204753,0,0,0.0585588,0.0015639,154.6,10.1637,0.0605372,0.00422674,0.044066,0.00645188,0.01557,0.0152361,0.197303,0.0291323,866.2,32.668,4030,30.6023,0.492556,,6,0,0.489655,0.0104789,0.543081,0.000767194,0.549699,0.00263622,28077.4,1851.48,134022,9651.61,4176.4,247.262,0.20419,0.00502564,2.261,0.255505,4.20842,0.209706,2.15334,0.0720932,0.235642,0.00575425,90.2907,4.05311,,,,,,,,,,,,7,,,,,,0.0267241,0.00810223,0.736207,0.146751,pass,pass,pass,FAIL,pass,generous,,,,
live-search-half-life,7,5,,,500,3,1.58114,60,0,107249,7374.9,0.996825,0.000606847,1,0,3.75849,0.32158,12.1644,0.778335,3.75855,0.32166,43.2,2.77489,2,0,504.203,31.6184,0.727419,0.0212558,3.66695,0.0237398,33408,0,0.0102251,0.00149868,0.010273,0.0015284,0.0683549,0.00324497,0,0,0,0,,,304.8,27.8424,0.996859,0.00362987,,,9042.2,698.611,651.642,35.5891,0.0931002,0.00253951,inf,,6066.6,631.143,0.893315,0.0113174,,,,,24541.6,9446.7,1784.11,673.693,0.43889,0.0152535,0,0,inf,,0.16382,0.0088168,305.923,16.4907,227.29,120.52,0.990866,0.00214867,1,0,0.990866,0.00214867,0,0,0.0571625,0.00128383,147.4,8.53229,0.0654615,0.00466438,0.0445245,0.00496061,0.046731,0.0208254,0.195404,0.0334365,866.2,32.668,4038,31.4372,0.475978,,6.2,0.447214,0.47768,0.0110563,0.564735,0.00104809,0.576147,0.00405212,28326.2,1779.05,134968,9909.53,4164.2,225.824,0.160383,0.00518849,3.96009,0.542653,6.07269,0.402374,2.14183,0.046565,0.23896,0.00184289,98.8416,4.25607,,,,,,,,,,,,14,,,,,,0.0350575,0.021033,0.775,0.185475,pass,FAIL,pass,FAIL,FAIL,generous,,,,
live-tick,0,5,,,200,3,1.58114,12,0,5423.2,384.9,0.885426,0.0178447,0.964449,0.0086586,17.3413,1.58618,64.9155,6.93181,16.2638,1.19733,14.2,0.83666,3,0,126.58,10.9491,0.869795,0.0308049,3.83391,0.0376941,5784,53.6656,0.0277268,0.00924358,0.0279004,0.00960848,0.0852289,0.011264,0,0,0.00312015,0.00133364,,,40.2,6.76018,0.903847,0.0236391,,,508.4,57.0289,191.003,20.9453,0.163028,0.0154644,inf,,297.8,57.7555,0.738808,0.0413913,,,,,136,43.7721,52.9266,17.5758,0.315065,0.0579083,0,0,inf,,0.551546,0.0554869,91.449,9.91668,27.0237,12.7196,0.731415,0.0323032,0.922207,0.0179554,0.792928,0.0249515,0,0,0.0795767,0.00393015,29.2,2.48998,0.0267934,0.0080032,0.0257784,0.00185355,-0.000233824,0.0237996,0.192728,0.0451511,61,7.4162,203,4.82701,0.600985,,6.8,2.04939,0.542152,0.0602369,0.557184,0.00436621,0.563036,0.00763382,1401.8,151.755,6550,602.864,207.6,42.4947,0.193123,0.018591,26.402,1.86861,8.38368,0.785151,0.88616,0.0964891,0.249043,0.00500905,8.47648,0.582834,,,,,,,,,,,,,,,,,,0.105,0.156636,2.62,0.669955,FAIL,FAIL,pass,pass,n/a,,,,30,
live-tick,1,5,,,500,3,1.58114,12,0,13953.6,537.634,0.969516,0.00352794,0.996097,0.000840808,9.69113,0.273743,27.644,1.24679,9.6339,0.297707,34.6,1.51658,3.2,0.447214,348.22,13.7196,0.928667,0.00874445,3.90712,0.0111325,5760,0,0.0142014,0.00239747,0.0142708,0.00231431,0.100625,0.0109867,0,0,0.000315471,0.000118072,,,40,7.10634,0.985882,0.0129539,,,1281.4,55.9491,189.534,13.8319,0.0841405,0.0132518,inf,,377.8,52.6279,0.756798,0.0245975,,,,,65.8,15.8965,9.89749,2.28952,0.109601,0.0158064,0,0,inf,,0.317299,0.0346164,159.092,17.3537,22.9918,7.68452,0.904674,0.0145967,1,0,0.904674,0.0145967,0,0,0.0386406,0.00363168,72,4.69042,0.0219351,0.00953791,0.0239752,0.00705585,-0.00746449,0.00594838,0.226842,0.0484207,157.4,25.0859,599,19.4216,0.512521,,7.8,1.64317,0.510114,0.0136933,0.551461,0.00322263,0.561416,0.00856108,4616.8,403.515,21995.2,1252.39,701.2,87.371,0.0669069,0.00675973,10.157,1.31587,9.65253,0.762545,0.971782,0.120048,0.236647,0.00445909,17.9992,0.918611,,,,,,,,,,,,,,,,,,0.0183333,0.0160295,1.30833,0.558458,pass,FAIL,pass,pass,FAIL,,,,30,
live-tick,2,5,,,200,3,1.58114,12,0,5433.6,383.925,0.878181,0.0169289,0.96168,0.00946856,18.7503,1.47484,69.0142,8.30467,17.4687,1.07179,14.4,0.894427,3,0,125,10.707,0.889467,0.0228299,3.85879,0.0283715,5784,53.6656,0.0260183,0.00696754,0.0262961,0.00718129,0.0878586,0.0143489,0,0,0.00349665,0.00122088,,,40.4,4.9295,0.872626,0.0569652,,,506.4,36.5075,190.223,12.2937,0.165584,0.0206468,inf,,319.4,50.6587,0.731338,0.0125194,,,,,131.2,26.3192,51.1533,10.5898,0.316592,0.0598021,0,0,inf,,0.586377,0.0923403,86.8835,12.9009,31.8463,15.2084,0.720625,0.0368911,0.913712,0.0135014,0.788533,0.0346844,0,0,0.0782318,0.00882947,29,3.16228,0.0227406,0.0172212,0.0250943,0.0050315,-2.02937e-05,0.0190626,0.221212,0.0672926,61,7.4162,207,4.61519,0.57971,,7.4,1.81659,0.545964,0.0312343,0.561199,0.0115193,0.570868,0.0211212,1442,142.739,6556,651.149,209.8,22.4544,0.178473,0.0200122,24.2343,2.17837,8.60162,0.725193,0.913073,0.0965218,0.251775,0.00594419,5.59181,0.363541,,,,,,,,,,,,,,,,,,0.131667,0.142571,2.59167,0.796564,FAIL,FAIL,pass,pass,n/a,,,,300,
live-tick,3,5,,,500,3,1.58114,12,0,13990.4,421.225,0.965678,0.00293562,0.993153,0.000824778,11.0803,0.314242,31.97,1.61587,10.995,0.30949,35.2,0.83666,3.6,0.547723,346.22,10.4291,0.941386,0.00722568,3.92382,0.00994905,5760,0,0.0187153,0.00367957,0.0188194,0.00356347,0.102465,0.0131334,0,0,0.00063399,0.000220282,,,36.8,6.14003,0.943077,0.0682841,,,1306.2,41.6317,193.171,12.392,0.104947,0.0116827,inf,,456.2,59.9767,0.771755,0.0432813,,,,,70,24.5153,10.5446,3.63122,0.112271,0.0214787,0,0,inf,,0.380499,0.0389144,132.547,13.9953,25.3869,18.0541,0.893146,0.00863939,1,0,0.893146,0.00863939,0,0,0.0426639,0.00459139,72.8,6.14003,0.0250714,0.00810507,0.0248085,0.00704434,-0.00341732,0.00789646,0.247453,0.0417768,157.4,25.0859,603,18.2975,0.553897,,6.4,0.547723,0.528991,0.0157774,0.555738,0.00415627,0.570778,0.00819389,4634.8,340.551,21924.4,1059.55,698.2,70.0407,0.0585687,0.0045928,8.6344,0.935623,9.62165,0.729911,0.967682,0.132841,0.27019,0.00842556,11.349,0.364395,,,,,,,,,,,,,,,,,,0.0466667,0.0473609,1.25167,0.402656,FAIL,FAIL,pass,pass,FAIL,,,,300,
live-tick,4,5,,,200,3,1.58114,12,0,5492.8,383.803,0.861924,0.0183899,0.945298,0.012459,22.7523,1.53623,82.1499,10.2931,21.3857,1.29814,14.4,0.894427,3,0,123.22,10.3734,0.903504,0.0260828,3.88596,0.0309304,1928,17.8885,0.0266964,0.0120948,0.0267985,0.0120034,0.0825914,0.00904107,0,0,0.00447543,0.00320202,,,41.2,5.06952,0.859749,0.0963161,,,500,37.1753,187.732,10.8895,0.195406,0.0143856,inf,,403,89.9639,0.692942,0.0485691,,,,,135,26.7301,52.2959,10.2347,0.30991,0.0507169,0,0,inf,,0.659578,0.0646296,76.3744,7.26863,34.1855,27.098,0.671027,0.0347022,0.904846,0.0154009,0.741624,0.0374477,0,0,0.0843061,0.00641991,29.4,1.14018,0.0249416,0.0107593,0.0259486,0.00303224,0.00764429,0.0229589,0.217845,0.029741,61,7.4162,211,4.65833,0.56872,,8.8,2.86356,0.531806,0.0196702,0.571919,0.00660322,0.594333,0.00949697,1399,168.256,6517,579.469,212.8,33.715,0.164144,0.0220576,21.872,2.78993,8.33302,0.78683,0.912154,0.142732,0.306967,0.0209573,3.36162,0.181753,,,,,,,,,,,,,,,,,,0.11,0.0961769,2.81,0.896103,FAIL,FAIL,pass,pass,n/a,,,,900,
live-tick,5,5,,,500,3,1.58114,12,0,13968.6,476.21,0.957884,0.00290816,0.987856,0.0016309,13.845,0.271813,40.3803,1.87642,13.7043,0.292751,35.6,1.14018,3,0,343.12,12.4801,0.921148,0.00432654,3.92244,0.0061483,1920,0,0.0166667,0.00362718,0.0167708,0.00350161,0.0886458,0.011919,0,0,0.000545901,0.000312399,,,38.8,5.31037,0.962795,0.0256749,,,1331.6,73.0123,197.153,18.9571,0.127278,0.0169155,inf,,595.2,79.4147,0.731146,0.0136352,,,,,65.8,25.3515,9.86237,3.61361,0.121377,0.0268789,0,0,inf,,0.429307,0.0399068,117.311,11.3925,36.1719,26.0607,0.876556,0.0202691,1,0,0.876556,0.0202691,0,0,0.0521798,0.00494828,73.2,3.11448,0.0233411,0.00630664,0.0246827,0.00280902,0.00226675,0.0036051,0.252473,0.0370106,157.4,25.0859,599,18.5391,0.589316,,6,1.22474,0.550414,0.0174932,0.562325,0.00365843,0.591723,0.00593745,4474.4,338.666,21530.6,1094.88,677.6,52.1565,0.0472589,0.0066007,6.87207,1.03958,9.43029,0.677347,0.934895,0.107997,0.584115,0.0405604,8.73534,0.402525,,,,,,,,,,,,,,,,,,0.035,0.0223607,1.35,0.390112,FAIL,FAIL,pass,pass,FAIL,,,,900,
matcher-validation,0,5,,,100,3,1.58114,12,0,2642.6,142.609,0.727595,0.02253,0.867239,0.0163619,32.0374,3.53866,inf,,23.9561,1.72913,7.4,0.547723,2,0,51.1,4.21189,0.868572,0.0485876,3.83285,0.0587215,5760,0,0.0276736,0.00679594,0.0280556,0.00741423,0.0606597,0.0111582,0,0,0.0134378,0.00276279,,,43.2,3.89872,0.656479,0.0666073,,,213,18.4391,162.787,12.7321,0.248364,0.0191224,inf,,219.2,46.5156,0.661923,0.0308313,,,,,111.4,24.9459,87.9828,19.9888,0.465904,0.0409129,0,0,inf,,0.864704,0.123802,58.7684,8.32128,32.831,13.521,0.511542,0.0667789,0.760985,0.0194842,0.671064,0.0759804,0,0,0.114892,0.00969883,13.6,0.894427,0.0215317,0.0170897,0.0206789,0.00732655,-0.00146098,0.0368269,0.140358,0.0715845,28.6,3.78153,98,2.40832,0.591837,,6.4,1.34164,0.5423,0.0649432,0.550585,0.0132896,0.544889,0.0240416,462.6,32.7154,2179.2,122.214,65.8,6.26099,0.328776,0.0214198,41.1225,4.09341,6.36499,0.336883,0.682384,0.0626559,0.257561,0.00638843,4.43106,0.306226,,,,,,,,,,,,,heuristic,,,,,0.261667,0.249625,4.93,0.77564,FAIL,FAIL,pass,pass,n/a,,,,,
matcher-validation,1,5,,,200,3,1.58114,12,0,5423.2,384.9,0.885426,0.0178447,0.964449,0.0086586,17.3413,1.58618,64.9155,6.93181,16.2638,1.19733,14.2,0.83666,3,0,126.58,10.9491,0.869795,0.0308049,3.83391,0.0376941,5784,53.6656,0.0277268,0.00924358,0.0279004,0.00960848,0.0852289,0.011264,0,0,0.00312015,0.00133364,,,40.2,6.76018,0.903847,0.0236391,,,508.4,57.0289,191.003,20.9453,0.163028,0.0154644,inf,,297.8,57.7555,0.738808,0.0413913,,,,,136,43.7721,52.9266,17.5758,0.315065,0.0579083,0,0,inf,,0.551546,0.0554869,91.449,9.91668,27.0237,12.7196,0.731415,0.0323032,0.922207,0.0179554,0.792928,0.0249515,0,0,0.0795767,0.00393015,29.2,2.48998,0.0267934,0.0080032,0.0257784,0.00185355,-0.000233824,0.0237996,0.192728,0.0451511,61,7.4162,203,4.82701,0.600985,,6.8,2.04939,0.542152,0.0602369,0.557184,0.00436621,0.563036,0.00763382,1401.8,151.755,6550,602.864,207.6,42.4947,0.193123,0.018591,26.402,1.86861,8.38368,0.785151,0.88616,0.0964891,0.255945,0.00828689,8.82732,0.867534,,,,,,,,,,,,,heuristic,,,,,0.105,0.156636,2.62,0.669955,FAIL,FAIL,pass,pass,n/a,,,,,
matcher-validation,2,5,,,100,3,1.58114,12,0,2662.8,168.844,0.727501,0.0211881,0.870925,0.0172295,32.2123,3.37739,inf,,24.1998,1.46954,7.4,0.547723,2,0,51.48,4.7336,0.872616,0.0456986,3.83772,0.055489,5760,0,0.0299306,0.00907573,0.0303472,0.00951414,0.0618403,0.00985035,0,0,0.0137039,0.00333331,,,42,6.89202,0.663163,0.077273,,,217.8,20.8135,166.386,13.6628,0.245774,0.0245804,inf,,218.6,47.0032,0.64818,0.0385843,,,,,114.2,26.0806,90.1576,20.7922,0.478475,0.0483344,0.0173459,0.0387867,inf,,0.854508,0.151169,60.161,11.8096,34.3721,15.7306,0.502172,0.0634859,0.756899,0.0189019,0.662611,0.0746643,0.00238095,0.00532397,0.117374,0.0119557,14,1,0.0173347,0.00837544,0.0227922,0.00691176,-0.0157622,0.0260054,0.133213,0.0747606,28.6,3.78153,97,2.40832,0.546392,,7.8,1.92354,0.532229,0.0593439,0.55361,0.0132824,0.562373,0.0168054,474.8,36.1206,2197.6,131.897,65.6,5.85662,0.323506,0.0194252,41.3559,3.5303,6.51799,0.344886,0.718314,0.0593608,2.54846,0.129981,17.2023,2.12407,,,,,,,,,,,,,hybrid,,,,,0.24,0.194847,4.65,1.02281,FAIL,FAIL,pass,pass,n/a,,,,,
matcher-validation,3,5,,,200,3,1.58114,12,0,5456,353.148,0.886547,0.014973,0.963362,0.00815602,17.5856,1.4809,65.7618,7.73468,16.376,1.02967,14.4,0.547723,3,0,127.4,9.64495,0.871939,0.0314949,3.83655,0.0385644,5784,53.6656,0.0293637,0.00879278,0.0294678,0.00899124,0.086802,0.00978213,0,0,0.00343561,0.00169717,,,38.4,6.73053,0.88856,0.0535421,,,502.4,56.6198,188.781,21.2534,0.174753,0.0186026,inf,,334.8,49.5752,0.726139,0.0487066,,,,,138,34.6627,53.7846,14.0478,0.325174,0.0356581,0,0,inf,,0.603673,0.0504113,83.3017,7.12979,28.7222,12.2778,0.731797,0.0232441,0.920468,0.0133078,0.794937,0.01818,0,0,0.0775897,0.0100558,27.2,2.16795,0.016715,0.0102903,0.0227841,0.00418489,-0.00112992,0.0168795,0.198725,0.0400544,61,7.4162,194,3.63318,0.561856,,7,,0.534352,0.0587005,0.558518,0.00815931,0.555037,0.00736363,1415.4,136.656,6621.6,575.589,219.4,32.8983,0.190714,0.0222346,26.5009,2.75001,8.45359,0.727573,0.883219,0.106406,2.312,0.0642441,32.2079,3.20019,,,,,,,,,,,,,hybrid,,,,,0.121667,0.0861201,2.38833,0.751979,FAIL,FAIL,pass,pass,n/a,,,,,
